Source,Headline,Date,Time
NRK,USA: President Joe Biden benåder sin egen sønn – Trump kaller det maktmisbruk,2024-12-01,22:44:02
NRK,"33 varsler mot barnevernansatte: Overgrep, voldtekt og trakassering av barn",2024-12-01,22:44:02
NRK,Utøya-forskning vekker internasjonal oppmerksomhet,2024-12-01,22:44:02
NRK,Rammet av «long covid»: Her hviler Carina på jobb,2024-12-01,22:44:02
NRK,FHI om kokaintall blant unge: – Vi har ikke sett så høye tall før,2024-12-01,22:44:02
NRK,Mistet kona i terrorangrep: – Hun ga livet i gave til Ari to ganger,2024-12-01,22:44:02
NRK,Enighet om statsbudsjettet: – Vi stanser planene om gruve­drift på havbunnen,2024-12-01,22:44:02
NRK,Kraftselskap fryktar sabotasje: – Vi må førebu oss på krig,2024-12-01,22:44:02
NRK,Aleppo: – Det er krigsfly overalt,2024-12-01,22:44:02
NRK,Optimaliseringstrend blant unge: Forsker mener det kan komme ut av kontroll,2024-12-01,22:44:02
NRK,Slår tilbake mot NRK-ekspert: – Har vært altfor lenge på feil side,2024-12-01,22:44:02
NRK,Var blå maskara en greie?,2024-12-01,22:44:02
NRK,Kva slags skandale er knytt til «Wicked»-filmen?,2024-12-01,22:44:02
NRK,«Dødsdopet» sprer seg i Norge: Så lite kan gi overdose,2024-12-01,22:44:02
NRK,City-krisen fortsetter: Haaland målløs i nytt tap,2024-12-01,22:44:02
NRK,«Fengende juletrash»,2024-12-01,22:44:02
NRK,Riiber sliter fortsatt: – Jeg har mistet mye blod,2024-12-01,22:44:02
NRK,Klarer du å slå Annika Momrak i «Whamageddon»?,2024-12-01,22:44:02
NRK,Støtter pastorens yoga-advarsel,2024-12-01,22:44:02
NRK,Kva er greia med julefilmar?,2024-12-01,22:44:02
NRK,«Ingen vil stemme på et parti som har hverandre som sine verste fiender»,2024-12-01,22:44:02
NRK,Fiorentina-spiller kollapset – kamp avbrutt,2024-12-01,22:44:02
NRK,Plastforhandlingane: – Eit globalt svik,2024-12-01,22:44:02
NRK,Johaug mener konkurrentene hadde fordel,2024-12-01,22:44:02
NRK,"Går mot ny nasjonal varmerekord: Målt 18,7 grader i Tafjord",2024-12-01,22:44:02
NRK,Norges magiske stafett­rekke stoppet,2024-12-01,22:44:02
NRK,Krigsobservatør: Opprørere har tatt hele Aleppo,2024-12-01,22:44:02
NRK,Kate ble døv over natta – ingen vet hvorfor,2024-12-01,22:44:02
NRK,Stempler Klæbo-nyhet som «latterlig»: – Bare sjalu,2024-12-01,22:44:02
NRK,Mener det haster å gi mer Ukraina-støtte: – Vi har ikke tid til å debattere hver eneste milliard,2024-12-01,22:44:02
NRK,Spurtslo lagkameraten: – Skikkelig digg å få ham ned fra tronen,2024-12-01,22:44:02
NRK,Trettebergstuen: – Arbeider­partiet er i dyp krise,2024-12-01,22:44:02
NRK,Info frå NRK: Slik hjelper vi deg med jule­stemninga,2024-12-01,22:44:02
NRK,"«Heftig og temper­aments­fullt, nesten skremmande å høyra på»",2024-12-01,22:44:02
NRK,Trumponomics: «Derfor blir han nok skuffet»,2024-12-01,22:44:02
NRK,Røykvarslerens dag: Dette er brann­vesenets beste råd,2024-12-01,22:44:02
NRK,200 millionar kroner står på spel i helgas vestlands­derby,2024-12-01,22:44:02
NRK,Nord-Norge: Oransje farevarsel for snø­skred­fare - bygder er isolerte,2024-12-01,22:44:02
NRK,Lægreid homohetset: Måtte stenge kommentar­feltet,2024-12-01,22:44:02
NRK,Marius Borg Høiby sin forsvarar: – Eg var ikkje i tvil då han ringde,2024-12-01,22:44:02
NRK,Shiffrin falt stygt,2024-12-01,22:44:02
NRK,Her går det nesten galt: Utøverne følte seg utrygge – sjefen ber dem bytte sport,2024-12-01,22:44:02
NRK,Notre-Dame har reist seg fra asken,2024-12-01,22:44:02
NRK,Kollisjon med Bybanen – andre dag på rad,2024-12-01,22:44:02
NRK,Målkalas da Norge knuste Østerrike,2024-12-01,22:44:02
NRK,Forbrukerrådet saksøker innkrevingsselskap: – Lagar nye gebyr med fantasi­fulle namn,2024-12-01,22:44:02
NRK,Denne kaka bør du lage i god tid før jul,2024-12-01,22:44:02
NRK,«Advents­fjas sånn helt midt på juletreet»,2024-12-01,22:44:02
NRK,Gikk 64.000 skritt i jakten på «Michelin-gull»,2024-12-01,22:44:02
NRK,Jaktar Sydpolen-rekord – droppar dunjakke,2024-12-01,22:44:02
NRK,Kalt inn til alvorsprat etter dramatisk fall: – Det gikk i svart,2024-12-01,22:44:02
NRK,Arif lokket rekord­mange unge til Munch­museet,2024-12-01,22:44:02
NRK,Slik kan kunstig intelligens splitte Norge,2024-12-01,22:44:02
NRK,Derfor blir grøne industri­eventyr skrota,2024-12-01,22:44:02
NRK,Kreftsyke Magnhild (71) utnyttes av kriminelle: – Har vært så vondt at jeg nesten ikke har fått sove om natta,2024-12-01,22:44:02
NRK,Hør hundrevis av podkaster og radio­programmer i NRK Radio,2024-12-01,22:44:02
VG,18 barn kan ha blitt seksuelt misbrukt av ansatte,2024-12-01,22:44:04
VG,Stjerneliv i utlandet - ukjent i Norge,2024-12-01,22:44:04
VG,Skroter regel,2024-12-01,22:44:04
VG,Én negativ effekt du bør vite om,2024-12-01,22:44:04
VG,Benåder sønnen - Trump raser,2024-12-01,22:44:04
VG,- En av de giftigste slangene,2024-12-01,22:44:04
VG,- En varslet ulykke,2024-12-01,22:44:04
VG,Viste seg naken,2024-12-01,22:44:04
VG,Kan ha vært hans siste Brann-kamp,2024-12-01,22:44:04
VG,Feirer 20 år sammen i nytt land,2024-12-01,22:44:04
VG,- Er avslutningen på krigen,2024-12-01,22:44:04
VG,Tjente én million på en måned,2024-12-01,22:44:04
VG,Knust til pinneved: - Tragisk,2024-12-01,22:44:04
VG,Slukes av bølgene,2024-12-01,22:44:04
VG,Trailer stoppet med én mill. sigaretter,2024-12-01,22:44:04
VG,- Verdens enkleste brød,2024-12-01,22:44:04
VG,"Fay (1,5 år) fikk piller av nissen",2024-12-01,22:44:04
VG,- Hjerte- skjærende,2024-12-01,22:44:04
VG,Nyt julen uten å gå opp i vekt,2024-12-01,22:44:04
VG,Øker barne- trygden,2024-12-01,22:44:04
VG,Kunne rotet bort 50 mill.,2024-12-01,22:44:04
VG,Tiltalt for flere overgrep - fikk ny jobb,2024-12-01,22:44:04
VG,Passasjerene må klamre seg fast,2024-12-01,22:44:04
VG,- Hun var drittlei,2024-12-01,22:44:04
VG,Svigerforeldre inn i regjering,2024-12-01,22:44:04
VG,- Tenker på alle gangene jeg besteg deg,2024-12-01,22:44:04
VG,Liverpool- luring,2024-12-01,22:44:04
VG,- Ingen vei tilbake,2024-12-01,22:44:04
VG,Fikk med piller hjem: - Vondt,2024-12-01,22:44:04
VG,Skal ha vært påvirket av alkohol,2024-12-01,22:44:04
VG,Værkaos på feriefavoritt,2024-12-01,22:44:04
VG,- Ikke redd for å dø,2024-12-01,22:44:04
VG,Stjernen Emma,2024-12-01,22:44:04
VG,- Var en tulling,2024-12-01,22:44:04
VG,Det startet med en hånd på låret,2024-12-01,22:44:04
VG,Med stikk mot Brann,2024-12-01,22:44:04
VG,Plutselig ble avtalen brutt,2024-12-01,22:44:04
VG,Skaper vekst for våpen- produsentene,2024-12-01,22:44:04
VG,Middagene vi vil ha nå,2024-12-01,22:44:04
VG,Har tre barn med IQ på over 125,2024-12-01,22:44:04
VG,Smarte knep for å lure hjernen,2024-12-01,22:44:04
VG,Skattesmell,2024-12-01,22:44:04
VG,- Det var ikke pent,2024-12-01,22:44:04
VG,Zirkzee- dobbel,2024-12-01,22:44:04
VG,- Dypt alvorlig,2024-12-01,22:44:04
VG,- Ufattelig lite betalt,2024-12-01,22:44:04
VG,- Ikke mange får oppleve dette,2024-12-01,22:44:04
VG,Fem gode TV-serier,2024-12-01,22:44:04
VG,Alt du må vite om ny abortlov,2024-12-01,22:44:04
VG,Hylles i storavis,2024-12-01,22:44:04
VG,Sett av hundre- tusener,2024-12-01,22:44:04
VG,Ingen plast- enighet,2024-12-01,22:44:04
VG,Johaug knust,2024-12-01,22:44:04
VG,Nærmere en kollaps,2024-12-01,22:44:04
VG,"- Dro til Folle i Syden, og kom hjem med to mindre fingre",2024-12-01,22:44:04
VG,- Jeg har gjort veldig mye feil,2024-12-01,22:44:04
VG,Skuespilleren er død,2024-12-01,22:44:04
VG,Fond eller BSU?,2024-12-01,22:44:04
VG,Det var et PR-stunt,2024-12-01,22:44:04
VG,Milliardær hilser norske politikere,2024-12-01,22:44:04
VG,- Får igjen fire ganger så mye varme,2024-12-01,22:44:04
VG,Gigantisk narkobeslag,2024-12-01,22:44:04
VG,- Kommer ikke til å skje,2024-12-01,22:44:04
VG,- Han slengte med kjeften til meg,2024-12-01,22:44:04
VG,Testvinnere på tilbud,2024-12-01,22:44:04
VG,Derfor droppet jeg idretten,2024-12-01,22:44:04
VG,Uventet frieri: Slik gikk det,2024-12-01,22:44:04
VG,Krenket av hendelse på fly,2024-12-01,22:44:04
VG,- Ikke noe hyggelig,2024-12-01,22:44:04
VG,Ikke slank deg i julen,2024-12-01,22:44:04
VG,- Beste TV-en vi har sett,2024-12-01,22:44:04
VG,To døde etter uvær på gresk øy,2024-12-01,22:44:04
VG,Fra designerdrøm til TV-suksess,2024-12-01,22:44:04
VG,Skal ha holdt kvinne fra balkong,2024-12-01,22:44:04
VG,Ønsket som ny FBI-sjef,2024-12-01,22:44:04
VG,- Ap er i dyp krise,2024-12-01,22:44:04
VG,Enkle julekaker alle kan lage,2024-12-01,22:44:04
VG,Mål og ny feiring,2024-12-01,22:44:04
VG,På vei mot ny by,2024-12-01,22:44:04
VG,- Et show uten like,2024-12-01,22:44:04
VG,Stemningen er dårlig,2024-12-01,22:44:04
VG,- Risikerer å bli tilskuere,2024-12-01,22:44:04
VG,Avslørt,2024-12-01,22:44:04
VG,Slik får du beste rente,2024-12-01,22:44:04
VG,Fem seksere,2024-12-01,22:44:04
VG,Her går det galt,2024-12-01,22:44:04
VG,Hvem mener du er «Årets navn»?,2024-12-01,22:44:04
VG,«Nå var det nok»,2024-12-01,22:44:04
VG,Skulle bare felle et tre,2024-12-01,22:44:04
VG,- Jeg er en cougar,2024-12-01,22:44:04
VG,En utrolig historie,2024-12-01,22:44:04
VG,Begge fikk kreft,2024-12-01,22:44:04
VG,- Har vært mye sint,2024-12-01,22:44:04
VG,Les dagens avis her!,2024-12-01,22:44:04
VG,VG vil høre fra deg,2024-12-01,22:44:04
VG,Klarer du dagens ordstjerne?,2024-12-01,22:44:04
VG,Søtpotetnachos,2024-12-01,22:44:04
VG,Beste trede- møllen å ha hjemme,2024-12-01,22:44:04
VG,- Jeg som egentlig aldri ønsket meg barn,2024-12-01,22:44:04
VG,- Kan du vennligst forlate eiendommen min,2024-12-01,22:44:04
VG,Kan ha plagsom bivirkning,2024-12-01,22:44:04
VG,"- Det at vi har holdt sammen, er et under",2024-12-01,22:44:04
VG,Når er det greit å si fra?,2024-12-01,22:44:04
VG,- At en kvinne gjør sånt,2024-12-01,22:44:04
VG,«Ikke publiser dette før jeg blir drept»,2024-12-01,22:44:04
VG,«Du har lurt alle sammen»,2024-12-01,22:44:04
VG,Forskjellen på klementin og mandarin,2024-12-01,22:44:04
VG,Deler sitt styrke- program,2024-12-01,22:44:04
VG,- For et godt liv jeg har hatt!,2024-12-01,22:44:04
VG,- Lindring nesten med en gang,2024-12-01,22:44:04
VG,- Folk snakker fortsatt om ham,2024-12-01,22:44:04
VG,Oppklart etter 50 år,2024-12-01,22:44:04
VG,-⁠ Er dette frivillig?,2024-12-01,22:44:04
VG,Disse tar medaljene i ski-VM,2024-12-01,22:44:04
VG,- Det gjør meg forbannet,2024-12-01,22:44:04
VG,Avliver myter,2024-12-01,22:44:04
VG,Matvarene som bør droppes,2024-12-01,22:44:04
VG,Over halvparten av verdien er barbert bort,2024-12-01,22:44:04
VG,Våre beste cocktails,2024-12-01,22:44:04
VG,- Folk må forstå,2024-12-01,22:44:04
VG,Var så nedbrutt at hun ble innlagt,2024-12-01,22:44:04
VG,Ekstremt dyr fornøyelse,2024-12-01,22:44:04
VG,- I Norge lever vi litt i en boble,2024-12-01,22:44:04
VG,Han er tilbake,2024-12-01,22:44:04
VG,- Her blir jeg livet ut,2024-12-01,22:44:04
VG,Testvinneren veier bare 47 gram,2024-12-01,22:44:04
VG,- Mange sier de får et nytt barn,2024-12-01,22:44:04
VG,- Situasjonen er kritisk,2024-12-01,22:44:04
VG,- Vi har ikke mer sjalusi enn andre,2024-12-01,22:44:04
VG,Strøken luksusbil,2024-12-01,22:44:04
VG,- Morsomste jeg har sett på TV,2024-12-01,22:44:04
VG,- Vanskelig å oppdage,2024-12-01,22:44:04
VG,Stor kanariøy- guide,2024-12-01,22:44:04
VG,Beste billige hodelykt,2024-12-01,22:44:04
VG,«Noe er galt»,2024-12-01,22:44:04
VG,Dette bør du spise,2024-12-01,22:44:04
VG,Familie bruker kun 4000 per måned,2024-12-01,22:44:04
VG,- Måtte jekkes ned litt av og til,2024-12-01,22:44:04
VG,På patrulje i Groruddalen,2024-12-01,22:44:04
VG,- Tenker at det toget er gått,2024-12-01,22:44:04
VG,Funnet død i gjennom- frossen bolig,2024-12-01,22:44:04
VG,OL-helt døden nær i isbad,2024-12-01,22:44:04
VG,Les dagens Pondus,2024-12-01,22:44:04
VG,Les dagens Lunch,2024-12-01,22:44:04
VG,Les dagens Hjalmar,2024-12-01,22:44:04
Aftenposten,Joe Biden har benådet sønnen sin. – Rått politisk spill.,2024-12-01,22:44:06
Aftenposten,Det går mot rekordlav boligbygging i Oslo. Men dette skal faktisk bygges.,2024-12-01,22:44:06
Aftenposten,"En kollaps ingen så komme. Hva nå, Haaland?",2024-12-01,22:44:06
Aftenposten,"Vennen vår har begynt å lukte, hva skal vi gjøre? Ikke gå rundt grøten, råder eksperten.",2024-12-01,22:44:06
Aftenposten,"Foreldre i tvil: Hvor mye skal vi hjelpe vår rotete, voksne sønn?",2024-12-01,22:44:06
Aftenposten,– Hvem hadde trodd det? Den frie verdens fremtid kan bli avgjort i noen landsbyer i Donetsk.,2024-12-01,22:44:06
Aftenposten,"Lykkeland-skuespilleren er god for 16 milliarder kroner. Men det som plager ham er mugg, kreft og bakterier.",2024-12-01,22:44:06
Aftenposten,Rebekka Elinds mor fikk en post-it-lapp av legen med tre bokstaver på. Etterpå ble ingenting som før.,2024-12-01,22:44:06
Aftenposten,Tysk sjeføkonom om Europa: – En varslet ulykke,2024-12-01,22:44:06
Aftenposten,SV-seier på dypt vann,2024-12-01,22:44:06
Aftenposten,Hun forstår seg ikke på den «nye» trenden med rotete hipster-leiligheter. Er «beige» kvinne (30) utdatert?,2024-12-01,22:44:06
Aftenposten,Det startet med at samboeren ble forkjølet. Så fikk hun selv en positiv hiv-test.,2024-12-01,22:44:06
Aftenposten,Var 11 da hun begynte å treffe voksne menn: – Orker ikke å føle meg som offer,2024-12-01,22:44:06
Aftenposten,Kun legenden er større enn denne intense bergenseren nå,2024-12-01,22:44:06
Aftenposten,Brutale overvåkingsbilder avslører hærens systematiske overgrep mot palestinske barn,2024-12-01,22:44:06
Aftenposten,Opprørsstemning i Ap etter Giske-comeback. Flere kaster seg på kritikk av partiledelsen.,2024-12-01,22:44:06
Aftenposten,Hestedøden,2024-12-01,22:44:06
Aftenposten,Her ligger enda en avlivet hest. Hvorfor dør så mange når de kun er fem år gamle?,2024-12-01,22:44:06
Aftenposten,"Hestene dør som fluer, så mennesker kan tippe og bli underholdt",2024-12-01,22:44:06
Aftenposten,Her ser travsjefen tallene om hestedøden: – Ikke sikkert vi kan forsvare det,2024-12-01,22:44:06
Aftenposten,Slik har Aftenposten jobbet for å avsløre dødstallene,2024-12-01,22:44:06
Aftenposten,Har du fått med deg disse videoene?,2024-12-01,22:44:06
Aftenposten,Sol Heilo ble tigger på gaten i USA fordi hun vasket et kjøkken toppløs. Først da ble musikkgnisten vekket til live.,2024-12-01,22:44:06
Aftenposten,Er du blitt bitt av løpebasillen? Her er åtte typer du kommer til å treffe på i løypa.,2024-12-01,22:44:06
Aftenposten,De nye slankemedisinene har en forbløffende tilleggseffekt,2024-12-01,22:44:06
Aftenposten,Dette er blitt en kollektiv paralyse,2024-12-01,22:44:06
Aftenposten,"15 måneders behandlingstid, Nav? Det er på grensen til utrolig.",2024-12-01,22:44:06
Aftenposten,"De ble stjerner som barn. Historiene fra bakrommet, sjokkerer USA.",2024-12-01,22:44:06
Aftenposten,Jenter og kvinner med ADHD kan få «dobbelt opp» med symptomer,2024-12-01,22:44:06
Aftenposten,"Den du kaller en utgiftspost i dag, kan være deg selv i morgen",2024-12-01,22:44:06
Aftenposten,"Ikke hør på forskere om du ønsker mest mulig løpefremgang, viser stor norsk studie. Lytt i stedet til disse rådene.",2024-12-01,22:44:06
Aftenposten,Skistjernene skroter uskreven regel: – Hvisket ut uten Russland,2024-12-01,22:44:06
Aftenposten,"De har bare 15 minutter til hytta midt i skogen: – Det gir mye frihet, og jeg kan være impulsiv når det gjelder å dra på hytta",2024-12-01,22:44:06
Aftenposten,Seksuelle lovbrudd som underholdning?,2024-12-01,22:44:06
Aftenposten,Sjekkliste for ekteskapet midtveis i livet: Seks spørsmål det er verdt å stille,2024-12-01,22:44:06
Aftenposten,– Alle kan bare slappe av. Jeg blir aldri partileder.,2024-12-01,22:44:06
Aftenposten,Er KS den største bremsen for likestillingen av funksjonshemmede i Norge?,2024-12-01,22:44:06
Aftenposten,Norges største komikere kan ikke redde «Nissesvingen»,2024-12-01,22:44:06
Aftenposten,"Quislings pompøse «førerbolig»: Da krigen var over, rykket en britisk general inn på soverommet.",2024-12-01,22:44:06
Aftenposten,Psykologen er lei av tvangskosing i desember. Slik kan du nyte måneden likevel.,2024-12-01,22:44:06
Aftenposten,Det ville være å bygge ned diplomatiet bare fordi man nå bygger opp forsvarssektoren,2024-12-01,22:44:06
Aftenposten,Må jeg ha med bilde og alder når jeg søker jobb?,2024-12-01,22:44:06
Aftenposten,Narsissistene er kanskje ikke de du tror. – Dette er en helt annerledes type.,2024-12-01,22:44:06
Aftenposten,Kjemper for gutta: – Vi aksepterer ting overfor menn som vi aldri ville ha akseptert overfor kvinner,2024-12-01,22:44:06
Aftenposten,"Statsbudsjettet: Øker barnetrygden, minstepensjonen og studiestøtten",2024-12-01,22:44:06
Aftenposten,Kan ha vært Hornelands siste Brann-kamp: – Ikke spør meg om det,2024-12-01,22:44:06
Aftenposten,Blir norske bedrifter tappet for å betale eiernes skatt? Dette viser tall laget for NHO.,2024-12-01,22:44:06
Aftenposten,Fordelsprogram,2024-12-01,22:44:06
Aftenposten,Jack Smith stoppet de føderale straffesakene mot Trump. Nå risikerer han selv å bli etterforsket.,2024-12-01,22:44:06
Aftenposten,Du kan ikke sjarmere deg til suksess,2024-12-01,22:44:06
Aftenposten,Jurister reagerer på «n-ordet»-dom: – Vil vi ha det sånn i Norge?,2024-12-01,22:44:06
Aftenposten,Vys kunder på Østlandet og i Drammensregionen kan forvente et bedre togtilbud,2024-12-01,22:44:06
Aftenposten,Assad skal ha mistet kontrollen over Aleppo,2024-12-01,22:44:06
Aftenposten,"Malene Grannegård har ikke lykkes med å slutte med snus. Spesielt én ting er viktig om du skal få det til, ifølge ekspert.",2024-12-01,22:44:06
Aftenposten,Norge opplever uforklarlig strøm av syriske asylsøkere,2024-12-01,22:44:06
Aftenposten,Han er Trumps utpekte FBI-sjef. Har sagt at hovedkvarteret bør bli «museum for den dype staten».,2024-12-01,22:44:06
Aftenposten,Hun kuttet ut favorittmaten. Så ble hun kvitt magesmertene og 20 kilo.,2024-12-01,22:44:06
Aftenposten,Margreth Olin lykkes ikke like godt som forfatter som filmskaper,2024-12-01,22:44:06
Aftenposten,Hans egen felterfaring gjorde ham bitter. Derfor vil Pete Hegseth endre USAs forsvar.,2024-12-01,22:44:06
Aftenposten,Make Arbeiderpartiet great again,2024-12-01,22:44:06
Aftenposten,Misvisende om hestens levealder,2024-12-01,22:44:06
Aftenposten,Fedmeproblemet blant barn trenger bedre løsninger enn reklameforbud,2024-12-01,22:44:06
Aftenposten,På denne nye vinbaren fikk vi årets kanskje beste kombinasjon,2024-12-01,22:44:06
Aftenposten,"Mäkelä danser i vei, men jeg får følelsen av at han bare gjør seg til",2024-12-01,22:44:06
Aftenposten,Einar Lies raljerende kommentar mangler prinsipielle overveielser,2024-12-01,22:44:06
Aftenposten,"Brune puber, billig mat og utelivsinstitusjoner. Vi dro på bar-til-bar-runde med 17-trikken.",2024-12-01,22:44:06
Aftenposten,Det har skjedd noe med hvordan vi baker til jul,2024-12-01,22:44:06
Aftenposten,Når kulturkrigen blir bokstavelig og blodig,2024-12-01,22:44:06
Aftenposten,«Det kan være veldig ensomt å lyve»,2024-12-01,22:44:06
Aftenposten,Mindre stress. Mer penger. Det gjør livet bedre for fastlegen din.,2024-12-01,22:44:06
Aftenposten,Verdens rikeste mann har aldri vært rikere. Sør-Afrika vil også ha en del av kaken.,2024-12-01,22:44:06
Aftenposten,Fatland har skrevet høstens bestselger og er geniforklart. Men jeg klarer ikke å la meg rive med.,2024-12-01,22:44:06
Aftenposten,Trond Giske vant – over halvparten trakk seg i protest,2024-12-01,22:44:06
Aftenposten,Vil tappe blod selv: – Må spise blodmat hvis man føler seg litt slapp,2024-12-01,22:44:06
Aftenposten,Det handler om foreldrene – og oppdragelsen,2024-12-01,22:44:06
Aftenposten,Alle julemattradisjoner er blitt til en gang. Her er en ny.,2024-12-01,22:44:06
Aftenposten,"– Jeg har fått mer ut av alkoholen enn alkoholen har fått ut av meg, sa Churchill. Eller gjorde han egentlig det?",2024-12-01,22:44:06
Aftenposten,Trump selger sko og elgitarer. Pengene kan sikre hans makt over partiet.,2024-12-01,22:44:06
Aftenposten,Politikerne må klare å si de sure tingene selv,2024-12-01,22:44:06
Aftenposten,Idretten hans er ikke lov i Norge. Men Benjamin Hauser (24) har planer om berømmelse på «kong Harald»-nivå.,2024-12-01,22:44:06
Aftenposten,I folkevandringen fra X til Bluesky ser vi et selvbedrag,2024-12-01,22:44:06
Aftenposten,Familien bodde fire år i Spania og kom tilbake til nyoppusset hjem: – Det er gjort om på absolutt alt,2024-12-01,22:44:06
Aftenposten,"Sofia (10) må klare seg selv mens foreldrene pleier lillebror. – Hun har ikke lært seg annet, sier far.",2024-12-01,22:44:06
Aftenposten,"– Når du prioriterer trening og jobb fremfor familietreff, kan vi bli litt kranglete",2024-12-01,22:44:06
Aftenposten,"Styrketrening: Jeg sparer tid ved å trene supersett, skriver leser. Men professor har en advarsel.",2024-12-01,22:44:06
Aftenposten,Team Ingebrigtsen var «feel good»-TV om en familie full av dårlige følelser,2024-12-01,22:44:06
Aftenposten,Spill,2024-12-01,22:44:06
Se og Hør,Kate tar grep: - Stor forskjell,2024-12-01,22:44:09
Se og Hør,Dette er tegnene på at du svindles,2024-12-01,22:44:09
Se og Hør,Her spøker Marius Borg Høiby med voldsanklagene,2024-12-01,22:44:09
Se og Hør,- Samtidig som skandalen,2024-12-01,22:44:09
Se og Hør,Slo seg løs - med kona,2024-12-01,22:44:09
Se og Hør,NÅ: Cyber Monday-kuppene!,2024-12-01,22:44:09
Se og Hør,Premie-kritikk,2024-12-01,22:44:09
Se og Hør,Stripper i julekalender,2024-12-01,22:44:09
Se og Hør,Dette sier hun om frieriet,2024-12-01,22:44:09
Se og Hør,Nedslående beskjed,2024-12-01,22:44:09
Se og Hør,- Koselig,2024-12-01,22:44:09
Se og Hør,Ny utvikling i inkasso-saken,2024-12-01,22:44:09
Se og Hør,Kan dø innen 50 dager,2024-12-01,22:44:09
Se og Hør,- Bør stilles til ansvar,2024-12-01,22:44:09
Se og Hør,Værfast på ferieøya: - Grusomt,2024-12-01,22:44:09
Se og Hør,Her faller avgjørelsen,2024-12-01,22:44:09
Se og Hør,TV-legenden er død,2024-12-01,22:44:09
Se og Hør,- Filmet seg selv med kvinnene,2024-12-01,22:44:09
Se og Hør,Theo (7) døde i mammas armer,2024-12-01,22:44:09
Se og Hør,Kom hånd i hånd,2024-12-01,22:44:09
Se og Hør,Legger seg flat etter finalen,2024-12-01,22:44:09
Se og Hør,– Jeg trodde han skulle dø,2024-12-01,22:44:09
Se og Hør,- Tårene kommer støtt,2024-12-01,22:44:09
Se og Hør,Bekrefter: - Spurte 6 ganger,2024-12-01,22:44:09
Se og Hør,- Durek er helt ute av bildet,2024-12-01,22:44:09
Se og Hør,- Bryr oss ikke om hva andre sier,2024-12-01,22:44:09
Se og Hør,Frekk nyhet: - Utsolgt på kort tid,2024-12-01,22:44:09
Se og Hør,Svarer på ryktene:- Ikke meg,2024-12-01,22:44:09
Se og Hør,- Avslører seg,2024-12-01,22:44:09
Se og Hør,Frykter å bli stående igjen alene,2024-12-01,22:44:09
Se og Hør,Cathrine (55) har hatt ALS i ni år,2024-12-01,22:44:09
Se og Hør,Bekrefter ryktene,2024-12-01,22:44:09
Se og Hør,Gravid med stebror,2024-12-01,22:44:09
Se og Hør,Hoffet deler trist beskjed,2024-12-01,22:44:09
Se og Hør,Droppes etter sju sesonger,2024-12-01,22:44:09
Se og Hør,- Det har dabbet av,2024-12-01,22:44:09
Se og Hør,Venter barn med 11 år yngre kjæreste,2024-12-01,22:44:09
Se og Hør,"Vant 35,7 millioner",2024-12-01,22:44:09
Se og Hør,Svarer på anklagene,2024-12-01,22:44:09
Se og Hør,Nordens mest spektakulære ran?,2024-12-01,22:44:09
Se og Hør,Bekrefter kjæreste,2024-12-01,22:44:09
Se og Hør,- Vil ikke bli med deg hjem,2024-12-01,22:44:09
Se og Hør,Politiet bekrefter: Kan reise på rehab,2024-12-01,22:44:09
Se og Hør,Elden forsvarer Nora-spøk,2024-12-01,22:44:09
Se og Hør,Stakk til USA etter bråket,2024-12-01,22:44:09
Se og Hør,Avslører operasjon,2024-12-01,22:44:09
Se og Hør,Venter sitt første barn,2024-12-01,22:44:09
Se og Hør,Sveriges ukjente prinsesse,2024-12-01,22:44:09
Se og Hør,Gleder meg ikke til jul,2024-12-01,22:44:09
Se og Hør,Deler privat bilde,2024-12-01,22:44:09
Se og Hør,Spøker om egne overgrep,2024-12-01,22:44:09
Se og Hør,Derfor ble hun erstattet,2024-12-01,22:44:09
Se og Hør,- Hun er en viktig del av livet mitt,2024-12-01,22:44:09
Se og Hør,- Må ligge sammen,2024-12-01,22:44:09
Se og Hør,Deler private bilder: - Takknemlig,2024-12-01,22:44:09
Se og Hør,Sjokket fem år etter: Aris testamente,2024-12-01,22:44:09
Se og Hør,Kjendisene strømmer til,2024-12-01,22:44:09
Se og Hør,Sa nei - endret familien,2024-12-01,22:44:09
Se og Hør,Solgte huset etter skatte-sjokk,2024-12-01,22:44:09
Se og Hør,- Kan ikke tro jeg gjorde det,2024-12-01,22:44:09
Se og Hør,- Vi lærer fortsatt,2024-12-01,22:44:09
Se og Hør,Vil skilles for tredje gang,2024-12-01,22:44:09
Se og Hør,Røper nyhet,2024-12-01,22:44:09
Se og Hør,Deler supermetode: Ned 20 kilo,2024-12-01,22:44:09
Se og Hør,- Tøff dag,2024-12-01,22:44:09
Se og Hør,- Han er avskyelig,2024-12-01,22:44:09
Se og Hør,Milliardærarving gir bort gaver,2024-12-01,22:44:09
Se og Hør,Thailand: Finn din drømmestrand!,2024-12-01,22:44:09
Se og Hør,Slik er Kjerstis nye liv,2024-12-01,22:44:09
Se og Hør,Kommer med avsløring,2024-12-01,22:44:09
Se og Hør,- Kunne ikke forsvare meg,2024-12-01,22:44:09
Se og Hør,Avslørt etter dette,2024-12-01,22:44:09
Se og Hør,- Håpløs situasjon,2024-12-01,22:44:09
Se og Hør,Avlyser oppdrag,2024-12-01,22:44:09
Se og Hør,- Tenker ikke på å ligge,2024-12-01,22:44:09
Se og Hør,Helene ned 30 kilo: Oppsiktsvekkende metode,2024-12-01,22:44:09
Se og Hør,Min favorittmiddag,2024-12-01,22:44:09
Se og Hør,Døde under forestilling,2024-12-01,22:44:09
Se og Hør,Fikk sjokktilbud av gamle menn,2024-12-01,22:44:09
Se og Hør,Se sjokk-videoen fra Skaugum,2024-12-01,22:44:09
Se og Hør,Enkens gripende farvel,2024-12-01,22:44:09
Se og Hør,Vil ikke feire jul: - Gruer meg,2024-12-01,22:44:09
Se og Hør,- Både helsefarlig og dødelig,2024-12-01,22:44:09
Se og Hør,Kollapset på talerstolen,2024-12-01,22:44:09
Se og Hør,Kongefamilien tålte ikke spøken,2024-12-01,22:44:09
Se og Hør,Måtte til psykolog: - Gikk på en skikkelig smell,2024-12-01,22:44:09
Se og Hør,Kongeparet dropper Nobel,2024-12-01,22:44:09
Se og Hør,Detaljen skaper overskrifter,2024-12-01,22:44:09
Se og Hør,Rømmer landet,2024-12-01,22:44:09
Se og Hør,Avslører vill regning: - Trodde jeg så syner,2024-12-01,22:44:09
Se og Hør,- De står i sin verste krise,2024-12-01,22:44:09
Se og Hør,Konfrontert med nye anklager,2024-12-01,22:44:09
Se og Hør,Leker katt-og-mus med politiet,2024-12-01,22:44:09
Se og Hør,-Føltes som en kjærlighetssorg,2024-12-01,22:44:09
Se og Hør,Røper gladnyhet,2024-12-01,22:44:09
Se og Hør,- Deg mot meg i Spektrum?,2024-12-01,22:44:09
Se og Hør,Drama under generalprøven,2024-12-01,22:44:09
Se og Hør,Hele livet var en flukt,2024-12-01,22:44:09
Se og Hør,Aldri skjedd før,2024-12-01,22:44:09
Se og Hør,Avslører alvorlig sykdom,2024-12-01,22:44:09
Se og Hør,- Kommer til å koste dyrt,2024-12-01,22:44:09
Se og Hør,Åpner opp om aldersforskjellen,2024-12-01,22:44:09
Se og Hør,Mistenkes for 111 voldtekter,2024-12-01,22:44:09
Se og Hør,Tatt på senga: - Sover naken!,2024-12-01,22:44:09
Se og Hør,Innrømmer: - Det var helt forferdelig,2024-12-01,22:44:09
Se og Hør,Detalj vekker oppsikt,2024-12-01,22:44:09
Se og Hør,Viser fram sin nye flamme,2024-12-01,22:44:09
Se og Hør,Johannes Joner: Glemmer aldri 7. oktober,2024-12-01,22:44:09
Se og Hør,Sjokkerte parkgjester i Oslo,2024-12-01,22:44:09
Se og Hør,Slik fridde han,2024-12-01,22:44:09
Se og Hør,- Det er ikke en selvfølge,2024-12-01,22:44:09
Se og Hør,Viser fram ringen,2024-12-01,22:44:09
Se og Hør,Røper pikant drama: - Intenst,2024-12-01,22:44:09
Se og Hør,- Føler med den norske kongefamilien,2024-12-01,22:44:09
Se og Hør,- Helt «fakka» og merkelig,2024-12-01,22:44:09
Se og Hør,Fikk ALS - skal dø snart,2024-12-01,22:44:09
Se og Hør,Svarer på ryktene,2024-12-01,22:44:09
Se og Hør,- Alt er ødelagt,2024-12-01,22:44:09
Se og Hør,Hendelsen vekker oppsikt,2024-12-01,22:44:09
Se og Hør,- Vi slo opp på onsdag,2024-12-01,22:44:09
Se og Hør,Sovnet på jobb,2024-12-01,22:44:09
Se og Hør,Drar på solotur,2024-12-01,22:44:09
Se og Hør,Angrer på dette: - Skulle vært ærligere,2024-12-01,22:44:09
