Source,Headline,Date,Time
NRK,Amerikansk toppsjef skutt og drept i New York,2024-12-04,08:12:19
NRK,Nær én million i studielån: Betaler dyrt – bor med rotter og mugg,2024-12-04,08:12:19
NRK,Svenske prinsesse Birgitta er død,2024-12-04,08:12:19
NRK,«Salah lurer de biologiske lovene»,2024-12-04,08:12:19
NRK,Har sett 10 cupfinaler med FFK: – Dette kan bli den siste,2024-12-04,08:12:19
NRK,Russetiden flyttet – må endre planene,2024-12-04,08:12:19
NRK,Spotify: Låten hans ble strømmet mest i Norge i år,2024-12-04,08:12:19
NRK,La barna være med og bake til jul,2024-12-04,08:12:19
NRK,Med i seiers­kampen,2024-12-04,08:12:19
NRK,"Her auka bustadprisane med 12,1 prosent: Sunniva (27): – Eg trur ikkje eg har ein sjanse",2024-12-04,08:12:19
NRK,17-åring tiltalt etter drapet på Oslo S,2024-12-04,08:12:19
NRK,«Jeg elsker fylkes­kommunen»,2024-12-04,08:12:19
NRK,Mann døde etter dykker­ulykke i Trøndelag,2024-12-04,08:12:19
NRK,AFP: Oppo­sisjons­leder i Georgia pågrepet,2024-12-04,08:12:19
NRK,Østfold: Legger ned to videre­gående skoler - vil ramme 2000 elever,2024-12-04,08:12:19
NRK,Sjukehus delte detaljar frå personal­sak,2024-12-04,08:12:19
NRK,Erkjenner straff­skyld etter at datteren (1) døde i badekaret,2024-12-04,08:12:19
NRK,Nødhjelp til Gaza: – Alle laste­bilene ble tatt,2024-12-04,08:12:19
NRK,Bombefunnet i Fredrikstad: Pågrepet mann koblet til forbudt MC-klubb,2024-12-04,08:12:19
NRK,Krever at fredspris­vinneren slippes fri,2024-12-04,08:12:19
NRK,Fem unge gutter pågrepet etter kniv­stikking,2024-12-04,08:12:19
NRK,Norsk avtale med Vatikanet,2024-12-04,08:12:19
NRK,«Spielberg-kraften er sterk»,2024-12-04,08:12:19
NRK,Toppe om barnevernsavsløringer: – De øde­legger liv,2024-12-04,08:12:19
NRK,Klokken 20.00 blir trolig den franske regjeringen felt,2024-12-04,08:12:19
NRK,Garasje knust av steinras,2024-12-04,08:12:19
NRK,Tiltalt for valdtekt av fleire barn: Meiner det er stor fare for tilbake­fall - ber om 15 år forvaring,2024-12-04,08:12:19
NRK,Lettare å få bustad­lån: Professor fryktar høgare prisar,2024-12-04,08:12:19
NRK,Store demonstasjoner i Sør-Korea: Krever at presi­denten går av,2024-12-04,08:12:19
NRK,Mer skatt på bolig skal redde fritids­klubber,2024-12-04,08:12:19
NRK,Hotell-drapet: Ber om 15 års forvaring,2024-12-04,08:12:19
NRK,Toppsjef seier nei til 85.000 meir i lønn,2024-12-04,08:12:19
NRK,Aleppo var aldri ment å falle,2024-12-04,08:12:19
NRK,Trøndelag: Havnet under høyball - eldre mann omkom,2024-12-04,08:12:19
NRK,«Ene­stående»,2024-12-04,08:12:19
NRK,Får ikke medisinen de trenger: Sykdommen kostet samfunnet 28 mrd. i fjor,2024-12-04,08:12:19
NRK,Frykter effektene av Frosta-saken,2024-12-04,08:12:19
NRK,Kilder til NRK: Ringte flere LO-topper – ba om støtte,2024-12-04,08:12:19
NRK,Vedum feirar ulve­vedtak – vekker reaksjonar,2024-12-04,08:12:19
NRK,Sendte Norge til EM: – Hun er guddommelig,2024-12-04,08:12:19
NRK,«Trykkokeren eksploderte. Ingen har oversikt.»,2024-12-04,08:12:19
NRK,Telemark: Person funnet død i brann,2024-12-04,08:12:19
NRK,Politimann knuste bevis – dømt til 21 dager i fengsel,2024-12-04,08:12:19
NRK,Boligbrann i Tromsø: Person alvorlig skadd,2024-12-04,08:12:19
NRK,Norgeshistoriens største broprosjekt: Arbeids­tilsynet mener Statens vegvesen ikke har kontroll,2024-12-04,08:12:19
NRK,Historisk abort­lov vedtatt,2024-12-04,08:12:19
NRK,Protestene kalles en «massakre»: «Mohammed» trodde han skulle dø,2024-12-04,08:12:19
NRK,Kjelder til NRK: Brenna klar for å overta – om Støre skulle gå,2024-12-04,08:12:19
NRK,Vil spille av private telefon­samtaler i Inge­brigtsen-saken,2024-12-04,08:12:19
NRK,Blir ikkje kvitt russisk skip,2024-12-04,08:12:19
NRK,"Rivalen opna om panikkanfall, alkohol og livskrise",2024-12-04,08:12:19
NRK,Trine (28) forsøkte å ta livet sitt: – Jeg visste at jeg var høyt elska,2024-12-04,08:12:19
NRK,Krisemåling for Ap i Nordland,2024-12-04,08:12:19
NRK,Nektar å godta dom etter baby­forbyting,2024-12-04,08:12:19
NRK,Benåda sonen: – Svært uheldig,2024-12-04,08:12:19
NRK,«Gå-sakte»-aksjon: – Kommer til å fortsette på ubestemt tid,2024-12-04,08:12:19
NRK,"«Bane­bryter i livet, men ikke i kunsten»",2024-12-04,08:12:19
NRK,Mats (28) kan få fiske­fangsten inndratt: – Nesten mobbing,2024-12-04,08:12:19
NRK,6 av 10 er engstelige etter hjerte­­­infarkt,2024-12-04,08:12:19
NRK,Kjøpte klubben for å lage TV-show – så oppdaget de tabben,2024-12-04,08:12:19
NRK,Kva for eit spelunivers kjem serien frå?,2024-12-04,08:12:19
NRK,Hør hundrevis av podkaster og radio­programmer i NRK Radio,2024-12-04,08:12:19
VG,- Denne saken er helt skrekkelig,2024-12-04,08:12:21
VG,Toppsjef skutt og drept på åpen gate,2024-12-04,08:12:21
VG,Toppsjef skutt og drept på åpen gate,2024-12-04,08:12:21
VG,Prinsesse Birgitta er død,2024-12-04,08:12:21
VG,Banket opp og arrestert,2024-12-04,08:12:21
VG,Planla for at Støre skulle trekke seg frivillig,2024-12-04,08:12:21
VG,Skiller seg ut,2024-12-04,08:12:21
VG,Legges ned,2024-12-04,08:12:21
VG,Straffer studenter for å jobbe,2024-12-04,08:12:21
VG,- Huden tålte ikke sol,2024-12-04,08:12:21
VG,Anders Behring Breivik løslates ikke,2024-12-04,08:12:21
VG,Hadde over én million i forbruksgjeld,2024-12-04,08:12:21
VG,- Veldig personlig,2024-12-04,08:12:21
VG,Viser bildene for første gang,2024-12-04,08:12:21
VG,Prinsesse på prøve,2024-12-04,08:12:21
VG,SE: Nusa i aksjon,2024-12-04,08:12:21
VG,Senker egenkapital-kravet: - Gledelig,2024-12-04,08:12:21
VG,16-åring drept på Oslo S - 17-åring tiltalt,2024-12-04,08:12:21
VG,Snyter nordmenn for hoved- nyheten,2024-12-04,08:12:21
VG,Tjente 252 mill.,2024-12-04,08:12:21
VG,- Han er ikke til å stole på,2024-12-04,08:12:21
VG,Disse lar være å svare om støtte,2024-12-04,08:12:21
VG,Dro tidlig fra Ap-møte,2024-12-04,08:12:21
VG,Det første bildet av kongeparet,2024-12-04,08:12:21
VG,- Styr unna!,2024-12-04,08:12:21
VG,En død etter dykkerulykke,2024-12-04,08:12:21
VG,Barna får ikke se jule- klassikeren,2024-12-04,08:12:21
VG,- Folk har pantsatt hus og hjem,2024-12-04,08:12:21
VG,To videregående skoler legges ned,2024-12-04,08:12:21
VG,- Mannen min slapp bomben,2024-12-04,08:12:21
VG,Ny og billigere el-Ford,2024-12-04,08:12:21
VG,- Tar en ting av gangen,2024-12-04,08:12:21
VG,Sier han fikk Trump-skryt,2024-12-04,08:12:21
VG,Et utrolig vennskap,2024-12-04,08:12:21
VG,Ny person pågrepet,2024-12-04,08:12:21
VG,Avis: Nektet LHBTQ+-støtte,2024-12-04,08:12:21
VG,Spøkte om å annektere Canada,2024-12-04,08:12:21
VG,Dømt for overgrep mot Mille Hjalmarsen,2024-12-04,08:12:21
VG,Bildet vi aldri trodde vi skulle se,2024-12-04,08:12:21
VG,- Hva i alle dager?,2024-12-04,08:12:21
VG,- Pinneved,2024-12-04,08:12:21
VG,Fredspris- vinner løslates,2024-12-04,08:12:21
VG,Håver inn på aksjer,2024-12-04,08:12:21
VG,- Sterke tall,2024-12-04,08:12:21
VG,Gir bort millioner,2024-12-04,08:12:21
VG,Hånet - så gjorde han dette,2024-12-04,08:12:21
VG,Fem pågrepet,2024-12-04,08:12:21
VG,Tar pause fra kjæresten,2024-12-04,08:12:21
VG,Kritisk til kosttilskudd,2024-12-04,08:12:21
VG,Slipper å sparke kvinne,2024-12-04,08:12:21
VG,Enormt inntektshopp,2024-12-04,08:12:21
VG,Troner øverst,2024-12-04,08:12:21
VG,Overrasket en hel verden,2024-12-04,08:12:21
VG,Frykter reve- parasitt,2024-12-04,08:12:21
VG,- Insane timing,2024-12-04,08:12:21
VG,Vil trekke seg,2024-12-04,08:12:21
VG,På kongelig galla,2024-12-04,08:12:21
VG,Tre faktorer kan avgjøre når du får diagnosen,2024-12-04,08:12:21
VG,Nå kommer de etter deg,2024-12-04,08:12:21
VG,Kritiseres,2024-12-04,08:12:21
VG,Vil ha 15 års forvaring,2024-12-04,08:12:21
VG,Dette er de beste,2024-12-04,08:12:21
VG,Seksuell vold i krig har doblet seg,2024-12-04,08:12:21
VG,- Han begynte å gå av scenen midt i konsertene,2024-12-04,08:12:21
VG,Norges rikeste,2024-12-04,08:12:21
VG,Topper listen for første gang,2024-12-04,08:12:21
VG,Femdoblet formuen,2024-12-04,08:12:21
VG,Ber om 15 års forvaring,2024-12-04,08:12:21
VG,- Tenker på alle gangene jeg besteg deg,2024-12-04,08:12:21
VG,Over 50 mistet livet,2024-12-04,08:12:21
VG,Karens gravid- hack,2024-12-04,08:12:21
VG,Hvem mener du bør bli «Årets navn»?,2024-12-04,08:12:21
VG,Flere fikk igjen på skatten,2024-12-04,08:12:21
VG,Fond eller BSU?,2024-12-04,08:12:21
VG,Tror savnet kvinne har falt i synkehull,2024-12-04,08:12:21
VG,Hardt ut mot rykter,2024-12-04,08:12:21
VG,- Den sliter jeg med,2024-12-04,08:12:21
VG,Én negativ effekt du bør vite om,2024-12-04,08:12:21
VG,Nummer tre på topp 100-listen,2024-12-04,08:12:21
VG,Regjeringens rikeste,2024-12-04,08:12:21
VG,Én funnet død etter brann,2024-12-04,08:12:21
VG,Direkte rødt,2024-12-04,08:12:21
VG,Hylles for dette,2024-12-04,08:12:21
VG,Raser mot bokomslag,2024-12-04,08:12:21
VG,Slik unngår du å bli funnet på nettet,2024-12-04,08:12:21
VG,- Det verste scenarioet,2024-12-04,08:12:21
VG,Georgia: - Dypt urovekkende,2024-12-04,08:12:21
VG,Følg med på jenta,2024-12-04,08:12:21
VG,Dette er ikke gøy!,2024-12-04,08:12:21
VG,Dropper julegaver: - Kjempegod respons,2024-12-04,08:12:21
VG,Ukjent navn rett inn på topp-10 listen,2024-12-04,08:12:21
VG,Se topplistene i din kommune,2024-12-04,08:12:21
VG,Alle brødrene har IQ på over 125,2024-12-04,08:12:21
VG,- Ikke helt planlagt,2024-12-04,08:12:21
VG,Latter på Stortinget,2024-12-04,08:12:21
VG,"Fly flate, for en 17-åring",2024-12-04,08:12:21
VG,Vant gjev kåring,2024-12-04,08:12:21
VG,Tjente én million på en måned,2024-12-04,08:12:21
VG,Spillene vi savner,2024-12-04,08:12:21
VG,Vil ha hysjpenge- kjennelsen opphevet,2024-12-04,08:12:21
VG,Vitset om City,2024-12-04,08:12:21
VG,Leilighetsbrann: Én alvorlig skadet,2024-12-04,08:12:21
VG,- En av de giftigste slangene,2024-12-04,08:12:21
VG,- Ikke noe hyggelig,2024-12-04,08:12:21
VG,Sjekk hva de bruker som skjærebrett,2024-12-04,08:12:21
VG,- Jeg er en cougar,2024-12-04,08:12:21
VG,En utrolig historie,2024-12-04,08:12:21
VG,Fem gode TV-serier,2024-12-04,08:12:21
VG,Det startet med en hånd på låret,2024-12-04,08:12:21
VG,Våre nyeste magasiner,2024-12-04,08:12:21
VG,- Beste TV-en vi har sett,2024-12-04,08:12:21
VG,Klarer du dagens ordstjerne?,2024-12-04,08:12:21
VG,Fiskesuppe med blåskjell,2024-12-04,08:12:21
VG,- Har vært mye sint,2024-12-04,08:12:21
VG,Begge fikk kreft,2024-12-04,08:12:21
VG,VG vil høre fra deg,2024-12-04,08:12:21
VG,Beste trede- møllen å ha hjemme,2024-12-04,08:12:21
VG,- Jeg som egentlig aldri ønsket meg barn,2024-12-04,08:12:21
VG,- Kan du vennligst forlate eiendommen min,2024-12-04,08:12:21
VG,Kan ha plagsom bivirkning,2024-12-04,08:12:21
VG,"- Det at vi har holdt sammen, er et under",2024-12-04,08:12:21
VG,Når er det greit å si fra?,2024-12-04,08:12:21
VG,- At en kvinne gjør sånt,2024-12-04,08:12:21
VG,«Ikke publiser dette før jeg blir drept»,2024-12-04,08:12:21
VG,«Du har lurt alle sammen»,2024-12-04,08:12:21
VG,Forskjellen på klementin og mandarin,2024-12-04,08:12:21
VG,Deler sitt styrke- program,2024-12-04,08:12:21
VG,- For et godt liv jeg har hatt!,2024-12-04,08:12:21
VG,- Lindring nesten med en gang,2024-12-04,08:12:21
VG,- Folk snakker fortsatt om ham,2024-12-04,08:12:21
VG,Oppklart etter 50 år,2024-12-04,08:12:21
VG,-⁠ Er dette frivillig?,2024-12-04,08:12:21
VG,Disse tar medaljene i ski-VM,2024-12-04,08:12:21
VG,- Det gjør meg forbannet,2024-12-04,08:12:21
VG,Avliver myter,2024-12-04,08:12:21
VG,Matvarene som bør droppes,2024-12-04,08:12:21
VG,Over halvparten av verdien er barbert bort,2024-12-04,08:12:21
VG,Våre beste cocktails,2024-12-04,08:12:21
VG,- Folk må forstå,2024-12-04,08:12:21
VG,Var så nedbrutt at hun ble innlagt,2024-12-04,08:12:21
VG,Ekstremt dyr fornøyelse,2024-12-04,08:12:21
VG,- I Norge lever vi litt i en boble,2024-12-04,08:12:21
VG,Han er tilbake,2024-12-04,08:12:21
VG,- Her blir jeg livet ut,2024-12-04,08:12:21
VG,Testvinneren veier bare 47 gram,2024-12-04,08:12:21
VG,- Mange sier de får et nytt barn,2024-12-04,08:12:21
VG,- Situasjonen er kritisk,2024-12-04,08:12:21
VG,- Vi har ikke mer sjalusi enn andre,2024-12-04,08:12:21
VG,Strøken luksusbil,2024-12-04,08:12:21
VG,- Morsomste jeg har sett på TV,2024-12-04,08:12:21
VG,- Vanskelig å oppdage,2024-12-04,08:12:21
VG,Stor kanariøy- guide,2024-12-04,08:12:21
VG,Beste billige hodelykt,2024-12-04,08:12:21
VG,«Noe er galt»,2024-12-04,08:12:21
VG,Dette bør du spise,2024-12-04,08:12:21
VG,Familie bruker kun 4000 per måned,2024-12-04,08:12:21
VG,- Måtte jekkes ned litt av og til,2024-12-04,08:12:21
VG,På patrulje i Groruddalen,2024-12-04,08:12:21
VG,- Tenker at det toget er gått,2024-12-04,08:12:21
VG,Funnet død i gjennom- frossen bolig,2024-12-04,08:12:21
VG,Les dagens Pondus,2024-12-04,08:12:21
VG,Les dagens Lunch,2024-12-04,08:12:21
VG,Les dagens Hjalmar,2024-12-04,08:12:21
Se og Hør,- Hadde ikke gått uten Linnéa,2024-12-04,08:28:01
Se og Hør,Nå er det slutt,2024-12-04,08:28:01
Se og Hør,Feirer ikke med Tommy,2024-12-04,08:28:01
Se og Hør,I denne landsdelen onanerer menn oftest,2024-12-04,08:28:01
Se og Hør,Produksjonen griper inn: - Traumatisk!,2024-12-04,08:28:01
Se og Hør,Foreldrenes formue forsvant,2024-12-04,08:28:01
Se og Hør,Er ikke å finne,2024-12-04,08:28:01
Se og Hør,Brudd etter dette,2024-12-04,08:28:01
Se og Hør,Her har de kjøpt,2024-12-04,08:28:01
Se og Hør,- Vil bli savnet,2024-12-04,08:28:01
Se og Hør,Overrasker i ny rolle,2024-12-04,08:28:01
Se og Hør,Ellevill formue,2024-12-04,08:28:01
Se og Hør,Ny utvikling i inkasso-saken,2024-12-04,08:28:01
Se og Hør,Meghan tatt med buksene nede,2024-12-04,08:28:01
Se og Hør,Julefest i Norges dyreste hus,2024-12-04,08:28:01
Se og Hør,Ble pappa - og singel,2024-12-04,08:28:01
Se og Hør,Nye detaljer avslørt,2024-12-04,08:28:01
Se og Hør,Familiekos etter påstått voldtekt,2024-12-04,08:28:01
Se og Hør,Slik ser han ikke ut lenger,2024-12-04,08:28:01
Se og Hør,En av verdens rikeste kvinner: Mistet alt,2024-12-04,08:28:01
Se og Hør,Her gifter de seg,2024-12-04,08:28:01
Se og Hør,Inntekten barbert,2024-12-04,08:28:01
Se og Hør,- Det var helt unntakstilstand,2024-12-04,08:28:01
Se og Hør,Ellevill økning,2024-12-04,08:28:01
Se og Hør,Må gripe inn: - Creepy,2024-12-04,08:28:01
Se og Hør,Se sjokk-videoen fra Skaugum,2024-12-04,08:28:01
Se og Hør,Avslører gladnyhet,2024-12-04,08:28:01
Se og Hør,I denne landsdelen onanerer menn oftest,2024-12-04,08:28:01
Se og Hør,Sa nei - endret familien,2024-12-04,08:28:01
Se og Hør,Hoffet deler trist beskjed,2024-12-04,08:28:01
Se og Hør,Kan dø innen 50 dager,2024-12-04,08:28:01
Se og Hør,Abid Raja: En myte at jeg må være festens midtpunkt,2024-12-04,08:28:01
Se og Hør,Trues med arrest!,2024-12-04,08:28:01
Se og Hør,- De står i sin verste krise,2024-12-04,08:28:01
Se og Hør,Avlyser oppdrag,2024-12-04,08:28:01
Se og Hør,Helsepersonell må gripe inn,2024-12-04,08:28:01
Se og Hør,Gravid: - Ikke planlagt,2024-12-04,08:28:01
Se og Hør,- Har gitt meg alt,2024-12-04,08:28:01
Se og Hør,I kveld kan du vinne 77 millioner,2024-12-04,08:28:01
Se og Hør,Fikk 20 000 i måneden fra foreldrene,2024-12-04,08:28:01
Se og Hør,Theo (7) døde i mammas armer,2024-12-04,08:28:01
Se og Hør,- Avslører seg,2024-12-04,08:28:01
Se og Hør,- Må ligge sammen,2024-12-04,08:28:01
Se og Hør,Feirer med kjæresten,2024-12-04,08:28:01
Se og Hør,Første bildene: - La det ligge,2024-12-04,08:28:01
Se og Hør,Svarer på anklagene,2024-12-04,08:28:01
Se og Hør,Sjokkbrudd etter 18 år,2024-12-04,08:28:01
Se og Hør,Svarer på ryktene: - Er ikke meg,2024-12-04,08:28:01
Se og Hør,Cathrine (55) har hatt ALS i ni år,2024-12-04,08:28:01
Se og Hør,Brukte pengepremie på brudekjole,2024-12-04,08:28:01
Se og Hør,Politiet bekrefter: Kan reise på rehab,2024-12-04,08:28:01
Se og Hør,- Håpløs situasjon,2024-12-04,08:28:01
Se og Hør,Reagerer på Dureks antrekk,2024-12-04,08:28:01
Se og Hør,Slik går det nå,2024-12-04,08:28:01
Se og Hør,Slo seg løs med sin flotte kone,2024-12-04,08:28:01
Se og Hør,Bekrefter ryktene,2024-12-04,08:28:01
Se og Hør,Ta et sidesprang på Gran Canaria,2024-12-04,08:28:01
Se og Hør,Gleder meg ikke til jul,2024-12-04,08:28:01
Se og Hør,Kommer med avsløring,2024-12-04,08:28:01
Se og Hør,Ikke invitert,2024-12-04,08:28:01
Se og Hør,- «Ex» som vi kjenner det!,2024-12-04,08:28:01
Se og Hør,Dukket opp helt privat,2024-12-04,08:28:01
Se og Hør,Gjenforent etter 37 år,2024-12-04,08:28:01
Se og Hør,Håvet inn på nakeninnhold,2024-12-04,08:28:01
Se og Hør,Deler supermetode: Ned 20 kilo,2024-12-04,08:28:01
Se og Hør,Endelig lykke etter tøffe år,2024-12-04,08:28:01
Se og Hør,Bekrefter gladnyhet,2024-12-04,08:28:01
Se og Hør,- Han er avskyelig,2024-12-04,08:28:01
Se og Hør,Sveriges ukjente prinsesse,2024-12-04,08:28:01
Se og Hør,- Trenger ingen mann,2024-12-04,08:28:01
Se og Hør,Uskyldig og sexy,2024-12-04,08:28:01
Se og Hør,Deler privat bilde,2024-12-04,08:28:01
Se og Hør,- Blokkert av Durek,2024-12-04,08:28:01
Se og Hør,- Både helsefarlig og dødelig,2024-12-04,08:28:01
Se og Hør,Venter sitt første barn,2024-12-04,08:28:01
Se og Hør,Røper detalj:- En trussel,2024-12-04,08:28:01
Se og Hør,Johannes Joner: Glemmer aldri 7. oktober,2024-12-04,08:28:01
Se og Hør,Angrer på dette: - Skulle vært ærligere,2024-12-04,08:28:01
Se og Hør,- Kunne ikke forsvare meg,2024-12-04,08:28:01
Se og Hør,Setter fart på ryktene,2024-12-04,08:28:01
Se og Hør,Derfor ble hun erstattet,2024-12-04,08:28:01
Se og Hør,Formuen forduftet,2024-12-04,08:28:01
Se og Hør,Spøker om egne overgrep,2024-12-04,08:28:01
Se og Hør,- Har det veldig koselig,2024-12-04,08:28:01
Se og Hør,Konfrontert med nye anklager,2024-12-04,08:28:01
Se og Hør,- Ydmyket min kone,2024-12-04,08:28:01
Se og Hør,Kates grep: - Stor forskjell,2024-12-04,08:28:01
Se og Hør,- Sleit som bare juling,2024-12-04,08:28:01
Se og Hør,- Kan ikke tro jeg gjorde det,2024-12-04,08:28:01
Se og Hør,Avlyser i hui og hast,2024-12-04,08:28:01
Se og Hør,- Må være krevende,2024-12-04,08:28:01
Se og Hør,Hemmelig bryllupsbilde lekket,2024-12-04,08:28:01
Se og Hør,Helene ned 30 kilo: Oppsiktsvekkende metode,2024-12-04,08:28:01
Se og Hør,Røper gladnyhet,2024-12-04,08:28:01
Se og Hør,Refser NRK: - Bør stilles til ansvar,2024-12-04,08:28:01
Se og Hør,Drar på solotur,2024-12-04,08:28:01
Se og Hør,NRK-kritikk: - Verste jeg har sett,2024-12-04,08:28:01
Se og Hør,Dette er deltakerne,2024-12-04,08:28:01
Se og Hør,Slik gikk det med parene,2024-12-04,08:28:01
Se og Hør,Kongefamilien tålte ikke spøken,2024-12-04,08:28:01
Se og Hør,Kollapset på talerstolen,2024-12-04,08:28:01
Se og Hør,- Hun er en viktig del av livet mitt,2024-12-04,08:28:01
Se og Hør,Frykter å bli stående igjen alene,2024-12-04,08:28:01
Se og Hør,- Ville ikke forklare seg,2024-12-04,08:28:01
Se og Hør,Tatt på senga: - Sover naken!,2024-12-04,08:28:01
Se og Hør,Satt tre uker ved morens dødsleie,2024-12-04,08:28:01
Se og Hør,- Jeg var redd for alt,2024-12-04,08:28:01
Se og Hør,- Føler med den norske kongefamilien,2024-12-04,08:28:01
Se og Hør,Sjokket fem år etter: Aris testamente,2024-12-04,08:28:01
Se og Hør,Deler private bilder: - Takknemlig,2024-12-04,08:28:01
Se og Hør,- Vil ikke bli med deg hjem,2024-12-04,08:28:01
Se og Hør,Mistenkes for 111 voldtekter,2024-12-04,08:28:01
Se og Hør,Maud til Se og Hør: - Gleder meg,2024-12-04,08:28:01
Se og Hør,Gravid med stebror,2024-12-04,08:28:01
Se og Hør,- Alt er ødelagt,2024-12-04,08:28:01
Se og Hør,Blir pappa for 6. gang,2024-12-04,08:28:01
Se og Hør,Avslører alvorlig sykdom,2024-12-04,08:28:01
Se og Hør,Leker katt-og-mus med politiet,2024-12-04,08:28:01
Se og Hør,Avslører babynavnet: - Følte meg støttet,2024-12-04,08:28:01
Se og Hør,Stakk til USA etter bråket,2024-12-04,08:28:01
Se og Hør,- Føler jeg er på sirkus,2024-12-04,08:28:01
Se og Hør,- Husker at det var litt vondt,2024-12-04,08:28:01
Se og Hør,- Vi lærer fortsatt,2024-12-04,08:28:01
Se og Hør,- Ikke forberedt,2024-12-04,08:28:01
