Source,Headline,Date,Time
NRK,Får blikk av fremmede: – Ser at folk tenker «er det ditt barn?»,2024-12-08,11:04:22
NRK,Erling Moe ferdig som Molde-trener,2024-12-08,11:04:22
NRK,Mottok fredsprisen i fjor: Først i dag fikk hun snakke med nobelkomiteen,2024-12-08,11:04:22
NRK,Familieterapeut: – Sjelden en god ide at skilte feirer jul sammen,2024-12-08,11:04:22
NRK,Mangedobbelt NM-vinner Marthe Katrine Myhre (39) er død,2024-12-08,11:04:22
NRK,Absurde sko-scener: – Utilgivelig,2024-12-08,11:04:22
NRK,Mann funnet alvorlig skadet: Politiet tror han er utsatt for en kriminell handling,2024-12-08,11:04:22
NRK,Rekordstor pågang: – Eg skammar meg ikkje over å få hjelp,2024-12-08,11:04:22
NRK,"Kritiserer internasjonal musikktrend: «Heldigvis har Norge skjønt greia, i hvert fall litt»",2024-12-08,11:04:22
NRK,Smertefullt EM-gull for Ingebrigtsen: – Det er alvor,2024-12-08,11:04:22
NRK,"Broren drepte mamma, stefar og seg selv: – Han var den snilleste gutten du kunne finne",2024-12-08,11:04:22
NRK,Skred- og flomfare i Nord-Norge: Varsler at nedbøren kan bli den kraftigste på ti år,2024-12-08,11:04:22
NRK,15 favorittar frå 2024: – Boka er ei bragd,2024-12-08,11:04:22
NRK,Fekk parkerings­trøbbel – tok sigers­intervju med dottera på armen,2024-12-08,11:04:22
NRK,Kylling-seljaren har ein stor draum: Å spele med Haaland,2024-12-08,11:04:22
NRK,Tar grep rundt Tandrevold – står over flere løp,2024-12-08,11:04:22
NRK,Meiner hav­ørna har gått frå offer til skurk,2024-12-08,11:04:22
NRK,Valnes måtte bryte med hjartetrøbbel: – Legen dro meg ut av løpet,2024-12-08,11:04:22
NRK,"«Nå er de i sitt ess, disse folka»",2024-12-08,11:04:22
NRK,Nær én million i studie­­­­lån: Betaler dyrt – bor med rotter og mugg,2024-12-08,11:04:22
NRK,Svensken ble med Ingebrigtsen på trening – fikk bakover­­­­­­­sveis,2024-12-08,11:04:22
NRK,Nordmann mistenkt for drap i Sverige: Sier han har hjulpet syv med selvmord,2024-12-08,11:04:22
NRK,Cupfinale-nedtur: Ser du hva som mangler?,2024-12-08,11:04:22
NRK,Kraftig eksplosjon i Nederland: Fem bekreftet døde – én reddet ut i live,2024-12-08,11:04:22
NRK,FIS-topp ut mot norsk publikum: – Hadde ikkje skjedd i Mellom-Europa,2024-12-08,11:04:22
NRK,Mener Barron Trump ga faren verdifulle tips,2024-12-08,11:04:22
NRK,TV 2: – Vi beklager til Nordås og brødrene Ingebrigtsen,2024-12-08,11:04:22
NRK,Jonas (29) frykter yrket han har valgt vil dø ut,2024-12-08,11:04:22
NRK,Forbløffende enkelt og fantastisk godt,2024-12-08,11:04:22
NRK,Vil sponse ny Glimt-stadion med 40 mill.: Supporter synes det er en skandale,2024-12-08,11:04:22
NRK,«Beatles» var et speil for norske gutter,2024-12-08,11:04:22
NRK,Sendte uvanlig melding – det endret livet hans,2024-12-08,11:04:22
NRK,Sjokkexit for Skistad: – Kommer aldri til å se henne så dårlig igjen,2024-12-08,11:04:22
NRK,Slik går det med kraft­løftet,2024-12-08,11:04:22
NRK,Høyre-politiker tiltalt for overgrep,2024-12-08,11:04:22
NRK,«Puster nytt liv inn i Tolkiens univers»,2024-12-08,11:04:22
NRK,Nicolas skannet øyet for å få omstridt «verdens-ID»,2024-12-08,11:04:22
NRK,Over to tusen angrep på ukrainsk helse­­personell: – De er åpenbare mål,2024-12-08,11:04:22
NRK,Billetter utsolgt på få minutter: – Hun er den største for unge kvinner nå,2024-12-08,11:04:22
NRK,Jokeren som kom tilbake: – Mista kjærleiken til skiskyting,2024-12-08,11:04:22
NRK,«Klart de skal til OL»,2024-12-08,11:04:22
NRK,De ble lovet at hallen var reddet – nå føler de seg lurt,2024-12-08,11:04:22
NRK,Hør hundrevis av podkaster og radio­programmer i NRK Radio,2024-12-08,11:04:22
VG,Har fått asyl,2024-12-08,11:04:25
VG,SISTE: - Endelig har regimet falt,2024-12-08,11:04:25
VG,Siktet for kokain- smugling,2024-12-08,11:04:25
VG,13-åring klamrer seg fast,2024-12-08,11:04:25
VG,- Ufattelig trist,2024-12-08,11:04:25
VG,NÅ: Ferdig i Molde,2024-12-08,11:04:25
VG,Raknet fullstendig,2024-12-08,11:04:25
VG,«Du er helt ny!»,2024-12-08,11:04:25
VG,Israel bomber Damaskus,2024-12-08,11:04:25
VG,Dette skjer i Syria nå,2024-12-08,11:04:25
VG,- Det er en gledens dag,2024-12-08,11:04:25
VG,Isdrøm-genseren er her nå,2024-12-08,11:04:25
VG,Melder seg ut i protest,2024-12-08,11:04:25
VG,Simen Auke er forlovet,2024-12-08,11:04:25
VG,- Gikk ned på kne tre ganger,2024-12-08,11:04:25
VG,Simen Auke er forlovet,2024-12-08,11:04:25
VG,- Utrolig gøy å gå ned på kne,2024-12-08,11:04:25
VG,«Sier ingenting»,2024-12-08,11:04:25
VG,Pyntet huset til jul: Over 6000 besøkende,2024-12-08,11:04:25
VG,Frossen ribbe knuser fersk,2024-12-08,11:04:25
VG,Bekrefter brudd,2024-12-08,11:04:25
VG,«De gir oss det vi vil ha»,2024-12-08,11:04:25
VG,Utfordres på scenen,2024-12-08,11:04:25
VG,«Jeg er litt spesiell»,2024-12-08,11:04:25
VG,«Tenk om jeg en dag blir avslørt»,2024-12-08,11:04:25
VG,"Fant kokain for 2,8 mrd.",2024-12-08,11:04:25
VG,- Kriminelt,2024-12-08,11:04:25
VG,- Vil vurdere å trekke USA ut av Nato,2024-12-08,11:04:25
VG,- Det var j... stille,2024-12-08,11:04:25
VG,- «Millennial- lederstil»,2024-12-08,11:04:25
VG,Superstilig og rimelig,2024-12-08,11:04:25
VG,Første tittel siden 1998,2024-12-08,11:04:25
VG,- Verdens mest fantastiske liv,2024-12-08,11:04:25
VG,- Sinnssykt,2024-12-08,11:04:25
VG,Slik vant han en plass,2024-12-08,11:04:25
VG,Finalen i «Folkets deltager»,2024-12-08,11:04:25
VG,Burde reist hjem før,2024-12-08,11:04:25
VG,Haien kommer,2024-12-08,11:04:25
VG,Mann i 50-årene til sykehus - jakter gjerningsperson,2024-12-08,11:04:25
VG,Plyndret luksusbolig,2024-12-08,11:04:25
VG,Stort nederlag,2024-12-08,11:04:25
VG,- Krise- stemning,2024-12-08,11:04:25
VG,Disse fondene får terningkast seks nå,2024-12-08,11:04:25
VG,Strålte,2024-12-08,11:04:25
VG,Feiret med datteren,2024-12-08,11:04:25
VG,«Måkene» reddet plassen,2024-12-08,11:04:25
VG,Varsler opp mot 90 mm,2024-12-08,11:04:25
VG,Rykte går viralt,2024-12-08,11:04:25
VG,Har du hørt om «cinnamon girl»?,2024-12-08,11:04:25
VG,Saksøker staten,2024-12-08,11:04:25
VG,Solgt for 28 mill. dollar,2024-12-08,11:04:25
VG,En makt- demonstrasjon,2024-12-08,11:04:25
VG,- Det er ikke anbefalt,2024-12-08,11:04:25
VG,Opptøyene i Georgia,2024-12-08,11:04:25
VG,Politiet: Stikk- skader i ryggen,2024-12-08,11:04:25
VG,- Tull,2024-12-08,11:04:25
VG,Stoppet av legen,2024-12-08,11:04:25
VG,43.000 soldater er drept,2024-12-08,11:04:25
VG,Flytter til Italia,2024-12-08,11:04:25
VG,Absolutt alt går galt,2024-12-08,11:04:25
VG,Slik unngår du vektøkning,2024-12-08,11:04:25
VG,Hvordan vil Trump påvirke disse fondene?,2024-12-08,11:04:25
VG,Se krasjet,2024-12-08,11:04:25
VG,Rå valuta for pengene,2024-12-08,11:04:25
VG,«Die Hard»- erstatter,2024-12-08,11:04:25
VG,- Det har vært så gøy!,2024-12-08,11:04:25
VG,- Han fikk ikke lov til å leve livet,2024-12-08,11:04:25
VG,- Ingen er trygge,2024-12-08,11:04:25
VG,- Hva er det som skjer?,2024-12-08,11:04:25
VG,- Huden tålte ikke sol,2024-12-08,11:04:25
VG,- For en avslutning,2024-12-08,11:04:25
VG,Enkle fest- frisyrer,2024-12-08,11:04:25
VG,- Mangler en politisk vilje,2024-12-08,11:04:25
VG,"Dette var på sin plass, Else!",2024-12-08,11:04:25
VG,Frierbrevene strømmer inn,2024-12-08,11:04:25
VG,Finaletap for nordmann,2024-12-08,11:04:25
VG,Politiet ber om tips,2024-12-08,11:04:25
VG,Julegavene vi hadde kjøpt nå,2024-12-08,11:04:25
VG,Illojal handling,2024-12-08,11:04:25
VG,Vekker oppsikt,2024-12-08,11:04:25
VG,Denne fjerner snøen for deg,2024-12-08,11:04:25
VG,- Én regel man ikke bryter!,2024-12-08,11:04:25
VG,Mye av i Norge,2024-12-08,11:04:25
VG,Politiet frigir bilder,2024-12-08,11:04:25
VG,- Kostnadene har bare steget og steget,2024-12-08,11:04:25
VG,Øyner håp: - Folk kan betale litt mer,2024-12-08,11:04:25
VG,- Kjempe- viktig,2024-12-08,11:04:25
VG,24 vektere sparket,2024-12-08,11:04:25
VG,TV 2 beklager til brødrene,2024-12-08,11:04:25
VG,- Kan aldri tilgi,2024-12-08,11:04:25
VG,Ble møtt av bilen opp ned,2024-12-08,11:04:25
VG,Dropp disse bestselgerne,2024-12-08,11:04:25
VG,Pest herjer på museum,2024-12-08,11:04:25
VG,Gled deg til jul med disse,2024-12-08,11:04:25
VG,"«Kvinner går i kjole, ikke dress»",2024-12-08,11:04:25
VG,Funnet død i synkehull: - Trist sak,2024-12-08,11:04:25
VG,- Veldig spesielt å ta «farvel»,2024-12-08,11:04:25
VG,Brente mandler,2024-12-08,11:04:25
VG,Skal avsløre kjønn - så skjer dette,2024-12-08,11:04:25
VG,Vinden tar tak,2024-12-08,11:04:25
VG,Skal avsløre kjønn - så går det galt,2024-12-08,11:04:25
VG,Ikke alt går som planlagt,2024-12-08,11:04:25
VG,Overraskelsen forsvinner,2024-12-08,11:04:25
VG,Årets beste bøker,2024-12-08,11:04:25
VG,Ungdommer skal ha blitt kalt «drittunger»,2024-12-08,11:04:25
VG,Julebaksten vi elsker,2024-12-08,11:04:25
VG,Det første bildet av kongeparet,2024-12-08,11:04:25
VG,Sannheten om kvinners sex,2024-12-08,11:04:25
VG,Døtrenes sorg,2024-12-08,11:04:25
VG,"- Hvis dere ikke gjør noe nå, er Madelen død innen en uke",2024-12-08,11:04:25
VG,- Det var gråting og sjokk,2024-12-08,11:04:25
VG,Våre nyeste magasiner,2024-12-08,11:04:25
VG,- Mannen min slapp bomben,2024-12-08,11:04:25
VG,Klarer du dagens ordstjerne?,2024-12-08,11:04:25
VG,Ovnspannekake med bacon og blåbær,2024-12-08,11:04:25
VG,Tjente én million på en måned,2024-12-08,11:04:25
VG,Levende i egen «begravelse»,2024-12-08,11:04:25
VG,Hylles med «begravelse»,2024-12-08,11:04:25
VG,«Du var ikke mammaen min»,2024-12-08,11:04:25
VG,Bryter ut i latter i kisten,2024-12-08,11:04:25
VG,«Du trodde at du var mammaen min»,2024-12-08,11:04:25
VG,- En av Norges største divaer,2024-12-08,11:04:25
VG,"- Uverdig, men ikke uventet",2024-12-08,11:04:25
VG,"- Det ble aldri deg og meg, Linn",2024-12-08,11:04:25
VG,Fem gode TV-serier,2024-12-08,11:04:25
VG,Klarer du ukens fire kryssord?,2024-12-08,11:04:25
VG,- Beste TV-en vi har sett,2024-12-08,11:04:25
VG,- Har vært mye sint,2024-12-08,11:04:25
VG,Begge fikk kreft,2024-12-08,11:04:25
VG,VG vil høre fra deg,2024-12-08,11:04:25
VG,Beste trede- møllen å ha hjemme,2024-12-08,11:04:25
VG,- Jeg som egentlig aldri ønsket meg barn,2024-12-08,11:04:25
VG,- Kan du vennligst forlate eiendommen min,2024-12-08,11:04:25
VG,Kan ha plagsom bivirkning,2024-12-08,11:04:25
VG,"- Det at vi har holdt sammen, er et under",2024-12-08,11:04:25
VG,Når er det greit å si fra?,2024-12-08,11:04:25
VG,- At en kvinne gjør sånt,2024-12-08,11:04:25
VG,«Ikke publiser dette før jeg blir drept»,2024-12-08,11:04:25
VG,«Du har lurt alle sammen»,2024-12-08,11:04:25
VG,Forskjellen på klementin og mandarin,2024-12-08,11:04:25
VG,Deler sitt styrke- program,2024-12-08,11:04:25
VG,- For et godt liv jeg har hatt!,2024-12-08,11:04:25
VG,- Lindring nesten med en gang,2024-12-08,11:04:25
VG,- Folk snakker fortsatt om ham,2024-12-08,11:04:25
VG,Oppklart etter 50 år,2024-12-08,11:04:25
VG,-⁠ Er dette frivillig?,2024-12-08,11:04:25
VG,Disse tar medaljene i ski-VM,2024-12-08,11:04:25
VG,- Det gjør meg forbannet,2024-12-08,11:04:25
VG,Avliver myter,2024-12-08,11:04:25
VG,Matvarene som bør droppes,2024-12-08,11:04:25
VG,Over halvparten av verdien er barbert bort,2024-12-08,11:04:25
VG,Våre beste cocktails,2024-12-08,11:04:25
VG,- Folk må forstå,2024-12-08,11:04:25
VG,Var så nedbrutt at hun ble innlagt,2024-12-08,11:04:25
VG,Ekstremt dyr fornøyelse,2024-12-08,11:04:25
VG,- I Norge lever vi litt i en boble,2024-12-08,11:04:25
VG,- Her blir jeg livet ut,2024-12-08,11:04:25
VG,Testvinneren veier bare 47 gram,2024-12-08,11:04:25
VG,- Mange sier de får et nytt barn,2024-12-08,11:04:25
VG,- Situasjonen er kritisk,2024-12-08,11:04:25
VG,- Vi har ikke mer sjalusi enn andre,2024-12-08,11:04:25
VG,Strøken luksusbil,2024-12-08,11:04:25
VG,- Morsomste jeg har sett på TV,2024-12-08,11:04:25
VG,- Vanskelig å oppdage,2024-12-08,11:04:25
VG,Stor kanariøy- guide,2024-12-08,11:04:25
VG,Beste billige hodelykt,2024-12-08,11:04:25
VG,Dette bør du spise,2024-12-08,11:04:25
VG,Les dagens Pondus,2024-12-08,11:04:25
VG,Les dagens Lunch,2024-12-08,11:04:25
VG,Les dagens Hjalmar,2024-12-08,11:04:25
Aftenposten,Assad-regimets fall,2024-12-08,11:04:26
Aftenposten,Reuters: Bashar al-Assad er i Moskva og har fått politisk asyl,2024-12-08,11:04:26
Aftenposten,Biden: USA vil bidra til en god overgang,2024-12-08,11:04:26
Aftenposten,Hundrevis feirer det syriske regimefallet i norske byer: – Det er ingen tårer i dag,2024-12-08,11:04:26
Aftenposten,"Han var en nerdete øyelege i London. Da storebroren døde, tok livet en brå vending.",2024-12-08,11:04:26
Aftenposten,Senterpartiet jubler over svekket vern: – Større rom til å stramme inn ulvepolitikken,2024-12-08,11:04:26
Aftenposten,Tidligere norgesmester Marthe Katrine Myhre (39) er død,2024-12-08,11:04:26
Aftenposten,Briljerer i spionthriller på Netflix,2024-12-08,11:04:26
Aftenposten,Selvopptatte pulsklokkebrukere provoserte småbarnsfaren. Så fikk han en alkoholvekker.,2024-12-08,11:04:26
Aftenposten,Oksygenopptaket skjøt i været etter treningsendring. Du kan også lære av metoden.,2024-12-08,11:04:26
Aftenposten,Ikke alt ordner seg for snille gutter. På soverommet trengs mer.,2024-12-08,11:04:26
Aftenposten,Menns dating-vaner blir latterliggjort: – En oppvekker,2024-12-08,11:04:26
Aftenposten,Assad-regimets fall,2024-12-08,11:04:26
Aftenposten,Den tidligere Al-Qaida- islamisten stilte opp på CNN og veltet Assad-regimet. Hvem er han?,2024-12-08,11:04:26
Aftenposten,To store land går med nattens hendelser på et prestisjemessig tap,2024-12-08,11:04:26
Aftenposten,Hva skjer i Syria nå?,2024-12-08,11:04:26
Aftenposten,Emilie Stordalen: – Jeg har en typisk «millennial-lederstil»,2024-12-08,11:04:26
Aftenposten,En av de største bragdene i menneskehetens historie ble muliggjort av investeringer fra land som Norge,2024-12-08,11:04:26
Aftenposten,Den single kvinnen i 30-årene har oppdaget noe som hindrer menn i å lykkes på sjekkemarkedet,2024-12-08,11:04:26
Aftenposten,"Lykkeland-skuespilleren er god for 16 milliarder kroner. Men det som plager ham er mugg, kreft og bakterier.",2024-12-08,11:04:26
Aftenposten,– Se på russernes handlinger i de okkuperte områdene. Dette er en folkemordkrig.,2024-12-08,11:04:26
Aftenposten,"Den ene voldtok barn. Den andre er pedojeger. - En samfunnskamp, sier han.",2024-12-08,11:04:26
Aftenposten,Karismatiske Sunniva Gylver gjorde nesten rent bord,2024-12-08,11:04:26
Aftenposten,"Ett sted åpnet Norge for en helt ny livsstil, ifølge forfatter. Køene gikk rundt kvartalet.",2024-12-08,11:04:26
Aftenposten,Forsker på ondskap i barnebøker: – Barnets rolle i samfunnet har endret seg,2024-12-08,11:04:26
Aftenposten,"Foreldre i tvil: Hvor mye skal vi hjelpe vår rotete, voksne sønn?",2024-12-08,11:04:26
Aftenposten,Donald Trump sier at han fortsatt vil vurdere å trekke USA ut av Nato,2024-12-08,11:04:26
Aftenposten,Har du fått med deg disse videoene?,2024-12-08,11:04:26
Aftenposten,"Vil du kjenne mer glede i hverdagen? Disse seks tingene kan suge gleden ut av deg, ifølge forfatter.",2024-12-08,11:04:26
Aftenposten,Hun får det til å gå kaldt nedover ryggen,2024-12-08,11:04:26
Aftenposten,Nå blir det vanskeligere for skeive i fotballen,2024-12-08,11:04:26
Aftenposten,"Er du lykkelig? Én faktor har stor betydning, viser forskning.",2024-12-08,11:04:26
Aftenposten,Jakob Ingebrigtsen med maktdemonstrasjon i EM,2024-12-08,11:04:26
Aftenposten,Den oppblåste uretten mot kvinner,2024-12-08,11:04:26
Aftenposten,Kan du trene bort bakrusen? Eksperten forklarer.,2024-12-08,11:04:26
Aftenposten,Han har bistått i flere saker om «jentemobbing»: – Slått i bakken av hvordan mobberne fremsto,2024-12-08,11:04:26
Aftenposten,"Svensken, dansken og nordmannen skulle bake tradisjonell julebakst. Slik gikk det.",2024-12-08,11:04:26
Aftenposten,Er det greit å bæsje på jobb?,2024-12-08,11:04:26
Aftenposten,Trumps overbevisende seier er blitt en nesestyver for valgforskere og pressefolk,2024-12-08,11:04:26
Aftenposten,Fastlegen: Mitt aller viktigste råd mot ensomhet er ikke til deg som er ensom,2024-12-08,11:04:26
Aftenposten,Norges alenegang er ikke en styrke,2024-12-08,11:04:26
Aftenposten,"To faktorer gjør det spesielt farlig å teste fleinsopp, mener fastlege Kaveh Rashidi",2024-12-08,11:04:26
Aftenposten,Romsdals Budstikke: Moe ferdig som Molde-trener,2024-12-08,11:04:26
Aftenposten,Brede forlik er noe av det beste med det norske demokratiet. Men de kan også bli en tvangstrøye.,2024-12-08,11:04:26
Aftenposten,Hvorfor reagerte så få på at jøder bare ble borte? Jeg har ikke fattet det. Før nå.,2024-12-08,11:04:26
Aftenposten,Gard «Mankegard» Øksendal: – Det gir meg et sinnssykt kick.,2024-12-08,11:04:26
Aftenposten,Sportsdirektøren i Manchester United ferdig,2024-12-08,11:04:26
Aftenposten,Stygg smell for Arsenal i tittelkampen – sen Saka-scoring annullert av VAR,2024-12-08,11:04:26
Aftenposten,Johaug knuste konkurrentene på Lillehammer,2024-12-08,11:04:26
Aftenposten,Fordelsprogram,2024-12-08,11:04:26
Aftenposten,"Rådville kjendiser i gule bokser. Nå vil 25 land ha den nye, norske serien.",2024-12-08,11:04:26
Aftenposten,Varsler oppvask etter fiaskosesongen: – Må gå i oss selv,2024-12-08,11:04:26
Aftenposten,Østberg Amundsen i ekstase etter seier - Valnes ble stoppet av legen,2024-12-08,11:04:26
Aftenposten,Hun danket ut Hadia Tajik. Og hun har en krystallklar mening om hva Støre bør gjøre nå.,2024-12-08,11:04:26
Aftenposten,Zelenskyj: 43.000 ukrainske soldater er drept siden den russiske invasjonen,2024-12-08,11:04:26
Aftenposten,Jenter voldtas og holdes fanget i Nigerias «babyfabrikker»,2024-12-08,11:04:26
Aftenposten,Det rareste med denne nye restauranten? De selger T-skjorter til 750 kroner.,2024-12-08,11:04:26
Aftenposten,Tandrevold reiser hjem – står over flere verdenscuprenn etter hjertetrøbbel,2024-12-08,11:04:26
Aftenposten,Nyenget advarer etter seieren: Redd tøff kamp før VM,2024-12-08,11:04:26
Aftenposten,"På kjærestetur la de grunnlaget. Nå er de skilt, men gjør det gigantiske kunstprosjektet sammen.",2024-12-08,11:04:26
Aftenposten,Ansatte Bjørndalen i TV 2. Det ble «et sjokk for systemet».,2024-12-08,11:04:26
Aftenposten,22-åringen sa «hawk tuah». Nå tror folk hun blir nødt til å «talk tuah» advokat,2024-12-08,11:04:26
Aftenposten,En dypt fascinerende true crime,2024-12-08,11:04:26
Aftenposten,"Er oppført i Marka, men skal det få stå? Oslos byrådsleder ber Regjeringen gripe inn.",2024-12-08,11:04:26
Aftenposten,Katrine Lunde og Norge knuste Nederland: – Det finnes ikke maken,2024-12-08,11:04:26
Aftenposten,Pest herjer på Naturhistorisk museum – gamle steinprøver er blitt til støv,2024-12-08,11:04:26
Aftenposten,Forbundskansler Scholz driver med en skremselsvalgkamp. Dette er hans siste sjanse.,2024-12-08,11:04:26
Aftenposten,"Mens barna var hjemme, dro Ingrid til Antarktis og oppdaget nytt land",2024-12-08,11:04:26
Aftenposten,Rekordmange nordmenn er single. Kanskje skyldes det beslutningsvegring og bindingsangst.,2024-12-08,11:04:26
Aftenposten,Rene vinduer til jul? Her får du gode vaskeråd.,2024-12-08,11:04:26
Aftenposten,Ringeklokker rives vekk: – Vi får håpe ikke tyvene leser dette og tar de to siste,2024-12-08,11:04:26
Aftenposten,Statnett: Østlandet kan i verste fall få dobbelt så dyr strøm som Tyskland,2024-12-08,11:04:26
Aftenposten,"Var dette knivstikket lovlig? Ja, mener Oslo tingrett.",2024-12-08,11:04:26
Aftenposten,Hun klarte ikke å glemme peisen etter de hadde vært på visning. Dermed endte de opp med å kjøpe og renovere huset fra 1979.,2024-12-08,11:04:26
Aftenposten,Lar seg ikke rikke av rapport–funn. Mener fortsatt at formuesskatt tapper bedriftene.,2024-12-08,11:04:26
Aftenposten,Han skremmer livet av toppledere og tvinger dem til å bli «anti-woke»,2024-12-08,11:04:26
Aftenposten,Oljefondet har passert 20.000 milliarder. Hva kan en egentlig få for en så svimlende sum?,2024-12-08,11:04:26
Aftenposten,Vraket fra Aps-stortingsliste. Fikk ti jobbhenvendelser på under et døgn.,2024-12-08,11:04:26
Aftenposten,«Get Millie Black» er høstens store serieflopp,2024-12-08,11:04:26
Aftenposten,"Han kjører rundt med «FSB-bil» i Kragerø: – Du vet, det går ikke an å vinne mot Russland.",2024-12-08,11:04:26
Aftenposten,"Hatet mot Hizbollah sprer seg i Libanon: – Mister de sjia, mister de alt",2024-12-08,11:04:26
Aftenposten,«Jul i Bakkebygrenda» var rett og slett juleporno som var skadelig for et ungt og sårbart sinn,2024-12-08,11:04:26
Aftenposten,Boligmarkedet trenger ikke denne stimulansen,2024-12-08,11:04:26
Aftenposten,Ny ChatGPT koster 2200 i måneden: – Ikke særlig overveldet,2024-12-08,11:04:26
Aftenposten,Også i år stiller norske artister med nyinnspilt julemusikk. Én av dem får toppkarakter.,2024-12-08,11:04:26
Aftenposten,Støre har på ingen måte gitt opp. Slik kjemper han nå for sitt politiske liv.,2024-12-08,11:04:26
Aftenposten,Jesper (16) ville bare bli rik. Ved en tilfeldighet oppdaget foreldrene at summen var null på alle kontoene hans.,2024-12-08,11:04:26
Aftenposten,Putin isolerte seg. Merkel fikk ikke dreisen på Teams.,2024-12-08,11:04:26
Aftenposten,Russisk innblanding gjør at valget i Romania annuleres. Nå må det stemmes på nytt.,2024-12-08,11:04:26
Aftenposten,Spill,2024-12-08,11:04:26
Se og Hør,Sjokk: Marius har rømt fra rehab,2024-12-08,11:20:07
Se og Hør,- Oss to for alltid,2024-12-08,11:20:07
Se og Hør,Ser du hvem dette er?,2024-12-08,11:20:07
Se og Hør,Camilla (34) advarer etter svindel,2024-12-08,11:20:07
Se og Hør,Produksjonen griper inn: - Traumatisk!,2024-12-08,11:20:07
Se og Hør,Får kjeft for skoene,2024-12-08,11:20:07
Se og Hør,Fikk diagnose etter innspillingen,2024-12-08,11:20:07
Se og Hør,48 års aldersforskjell: - Bryr oss ikke,2024-12-08,11:20:07
Se og Hør,- Ble helt satt ut,2024-12-08,11:20:07
Se og Hør,Spiste peanøtter - døde,2024-12-08,11:20:07
Se og Hør,Tilgitt av kona,2024-12-08,11:20:07
Se og Hør,Bor sammen etter bruddet,2024-12-08,11:20:07
Se og Hør,Bekrefter ryktene,2024-12-08,11:20:07
Se og Hør,Avslører dødsårsaken,2024-12-08,11:20:07
Se og Hør,Nå viser hun frem babyen,2024-12-08,11:20:07
Se og Hør,Gutten vår har bare et halvt hjerte,2024-12-08,11:20:07
Se og Hør,Glad overgriperen ble dømt,2024-12-08,11:20:07
Se og Hør,Sjokk-brudd,2024-12-08,11:20:07
Se og Hør,Ble slutt like etter fødsel,2024-12-08,11:20:07
Se og Hør,En av verdens rikeste kvinner: Mistet alt,2024-12-08,11:20:07
Se og Hør,Settes ut av spørsmål,2024-12-08,11:20:07
Se og Hør,- Må bidra der jeg kan,2024-12-08,11:20:07
Se og Hør,Saken henlagt,2024-12-08,11:20:07
Se og Hør,Bryter tausheten om bruddet,2024-12-08,11:20:07
Se og Hør,Sjokk-beskjeden: - Visste ikke,2024-12-08,11:20:07
Se og Hør,Se sjokk-videoen fra Skaugum,2024-12-08,11:20:07
Se og Hør,Høiby-banner fjernet,2024-12-08,11:20:07
Se og Hør,Avslørt: Så ofte onanerer nordmenn,2024-12-08,11:20:07
Se og Hør,Kjemi kjenner ingen alder,2024-12-08,11:20:07
Se og Hør,«Voldtok kvinne etter familie-middag»,2024-12-08,11:20:07
Se og Hør,Meghan tatt med buksene nede,2024-12-08,11:20:07
Se og Hør,Abid Raja: En myte at jeg må være festens midtpunkt,2024-12-08,11:20:07
Se og Hør,Haakon får ros,2024-12-08,11:20:07
Se og Hør,Avslører gladnyhet,2024-12-08,11:20:07
Se og Hør,Røpet seg for kjæresten,2024-12-08,11:20:07
Se og Hør,Avslører: - Hatt våre utfordringer,2024-12-08,11:20:07
Se og Hør,- Tungt å være meg,2024-12-08,11:20:07
Se og Hør,Slik ser han ikke ut lenger,2024-12-08,11:20:07
Se og Hør,Dette er de nye millionærene,2024-12-08,11:20:07
Se og Hør,Derfor går hun alltid med oppsatt hår,2024-12-08,11:20:07
Se og Hør,Theo (7) døde i mammas armer,2024-12-08,11:20:07
Se og Hør,Bekrefter gladnyhet,2024-12-08,11:20:07
Se og Hør,- Avslører seg,2024-12-08,11:20:07
Se og Hør,Skuespiller (17) sjokkerer: - Jeg er hjemløs,2024-12-08,11:20:07
Se og Hør,Innrømmer TV-bløff: - Vi beklager!,2024-12-08,11:20:07
Se og Hør,- De vil tilbringe tid sammen,2024-12-08,11:20:07
Se og Hør,Jul med svigermor: - Helt vill,2024-12-08,11:20:07
Se og Hør,Foreldrenes formue «forsvant»,2024-12-08,11:20:07
Se og Hør,Cathrine (55) har hatt ALS i ni år,2024-12-08,11:20:07
Se og Hør,Dukker opp sammen,2024-12-08,11:20:07
Se og Hør,- Jeg er sjokkert,2024-12-08,11:20:07
Se og Hør,Slutt etter åtte år,2024-12-08,11:20:07
Se og Hør,Her fester de,2024-12-08,11:20:07
Se og Hør,Deler nytt bilde,2024-12-08,11:20:07
Se og Hør,«Babyjubel» vekker oppsikt,2024-12-08,11:20:07
Se og Hør,Silvia mystisk syk,2024-12-08,11:20:07
Se og Hør,Ta et sidesprang på Gran Canaria,2024-12-08,11:20:07
Se og Hør,Brudd etter dette,2024-12-08,11:20:07
Se og Hør,Røper nyhet,2024-12-08,11:20:07
Se og Hør,Unntatt offentligheten - nok en gang,2024-12-08,11:20:07
Se og Hør,Vet ikke at de blir filmet,2024-12-08,11:20:07
Se og Hør,Bekrefter ryktene,2024-12-08,11:20:07
Se og Hør,- Et sterkt øyeblikk,2024-12-08,11:20:07
Se og Hør,Sa nei - endret familien,2024-12-08,11:20:07
Se og Hør,Deler supermetode: Ned 20 kilo,2024-12-08,11:20:07
Se og Hør,Fikk 20 000 i måneden fra foreldrene,2024-12-08,11:20:07
Se og Hør,Refser NRK: - Bør stilles til ansvar,2024-12-08,11:20:07
Se og Hør,- Vi lærer fortsatt,2024-12-08,11:20:07
Se og Hør,Sveriges ukjente prinsesse,2024-12-08,11:20:07
Se og Hør,Gravid: - Ikke planlagt,2024-12-08,11:20:07
Se og Hør,Ikke invitert,2024-12-08,11:20:07
Se og Hør,- Jeg er på dateren,2024-12-08,11:20:07
Se og Hør,- Märthas foreldre likte det ikke,2024-12-08,11:20:07
Se og Hør,Fikk hjelp: - Har et problem,2024-12-08,11:20:07
Se og Hør,Feirer med kjæresten,2024-12-08,11:20:07
Se og Hør,- Forelskelse ved første blikk,2024-12-08,11:20:07
Se og Hør,Sjokket fem år etter: Aris testamente,2024-12-08,11:20:07
Se og Hør,Deler sjeldent bilde,2024-12-08,11:20:07
Se og Hør,- Hun er en viktig del av livet mitt,2024-12-08,11:20:07
Se og Hør,Tragediene etter Band Aid: Kona og datteren døde,2024-12-08,11:20:07
Se og Hør,Uttaler seg om bruddet: - Dritkjipt,2024-12-08,11:20:07
Se og Hør,- Alle vil bli overrasket,2024-12-08,11:20:07
Se og Hør,- Kunne ikke forsvare meg,2024-12-08,11:20:07
Se og Hør,Døde 42 år gammel,2024-12-08,11:20:07
Se og Hør,Får veldig ofte toppkarakter,2024-12-08,11:20:07
Se og Hør,- Har gitt meg alt,2024-12-08,11:20:07
Se og Hør,Frykter å bli stående igjen alene,2024-12-08,11:20:07
Se og Hør,Nærmer seg en økonomisk krise,2024-12-08,11:20:07
Se og Hør,Reagerer på Dureks antrekk,2024-12-08,11:20:07
Se og Hør,Nye detaljer avslørt i Dianas brev,2024-12-08,11:20:07
Se og Hør,Om ekteskapet: - Jeg har arr,2024-12-08,11:20:07
Se og Hør,"Flyttet fra gjelden på 7,8 millioner",2024-12-08,11:20:07
Se og Hør,Magefettformelen: Kvitt kulemagen,2024-12-08,11:20:07
Se og Hør,Avslører ubehagelig hendelse,2024-12-08,11:20:07
Se og Hør,Hermer etter eksens kone - igjen,2024-12-08,11:20:07
Se og Hør,Ugjenkjennelig på nye bilder,2024-12-08,11:20:07
Se og Hør,Slakter nordmenn: - Kommer aldri tilbake,2024-12-08,11:20:07
Se og Hør,Om ryktene: - Du tuller med meg?,2024-12-08,11:20:07
Se og Hør,Ellevill økning i formuen,2024-12-08,11:20:07
Se og Hør,Deler gladnyhet,2024-12-08,11:20:07
Se og Hør,På innsiden av mystisk menighet,2024-12-08,11:20:07
Se og Hør,- Godt han fikk slippe nå,2024-12-08,11:20:07
Se og Hør,Røper gladnyhet,2024-12-08,11:20:07
Se og Hør,Svarer på ryktene,2024-12-08,11:20:07
Se og Hør,- Vi er veldig forelska,2024-12-08,11:20:07
Se og Hør,Avslører - var i ulykke,2024-12-08,11:20:07
Se og Hør,Gjenforent etter 37 år,2024-12-08,11:20:07
Se og Hør,- Har det veldig koselig,2024-12-08,11:20:07
Se og Hør,Pensjon: Jobb deltid uten å tape,2024-12-08,11:20:07
Se og Hør,Gravid med stebror,2024-12-08,11:20:07
Se og Hør,Punget ut for hyttedrøm,2024-12-08,11:20:07
Se og Hør,Trues med arrest!,2024-12-08,11:20:07
Se og Hør,Elden forsvarer Nora-spøk,2024-12-08,11:20:07
Se og Hør,Superstjerne funnet død i badekar,2024-12-08,11:20:07
Se og Hør,Drama under generalprøven,2024-12-08,11:20:07
Se og Hør,- Dypt problematisk,2024-12-08,11:20:07
Se og Hør,- Ser hvem som drepte på Orderud,2024-12-08,11:20:07
Se og Hør,Stakk til USA etter bråket,2024-12-08,11:20:07
Se og Hør,Gleder meg ikke til jul,2024-12-08,11:20:07
Se og Hør,- Ydmyket min kone,2024-12-08,11:20:07
Se og Hør,- «Ex» som vi kjenner det!,2024-12-08,11:20:07
Se og Hør,- Både helsefarlig og dødelig,2024-12-08,11:20:07
Se og Hør,Feirer ikke med Tommy,2024-12-08,11:20:07
Se og Hør,- Vanskelig å håndtere,2024-12-08,11:20:07
