Source,Headline,Date,Time
NRK,Oppfordrar byfolk til å flytte før nyttår,2024-12-05,08:00:03
NRK,Avholdsmannen lover å ta en drink hvis det blir cupgull,2024-12-05,08:00:03
NRK,24 Joker-butikkar selde etter gjeldskrise,2024-12-05,08:00:03
NRK,Skrekkår for utelivet – mange går dukken,2024-12-05,08:00:03
NRK,Skistad bryt tausheita etter sju månader,2024-12-05,08:00:03
NRK,"Først da «Sofia» selv varslet, sluttet mannen i barnevernet",2024-12-05,08:00:03
NRK,Får 200 mill. til sengeplasser: Ingen vet når eller hvor de skal brukes,2024-12-05,08:00:03
NRK,Datter (1) druknet i badekar: Foreslår at mor slipper straff,2024-12-05,08:00:03
NRK,Johaug svarer svenske: – Da er han en taper,2024-12-05,08:00:03
NRK,Kjøper kunst for 240 mill. fra Stein Erik Hagen,2024-12-05,08:00:03
NRK,«De jobber under kummerlige og uverdige forhold»,2024-12-05,08:00:03
NRK,Artist dømt for voldtekt,2024-12-05,08:00:03
NRK,Utsetter slukking av 2G-nettet med to år,2024-12-05,08:00:03
NRK,No kan det bli dyrare å vere sjuk: Så sjuke er folk i di alders­gruppe,2024-12-05,08:00:03
NRK,Skal rydde opp etter skandalen: Vil legge igjen 17.000 tonn etter søppel­skandalen,2024-12-05,08:00:03
NRK,Stort cannabisbeslag: Mistenker kobling til utenlandsk nettverk,2024-12-05,08:00:03
NRK,Marianne ble drept på jobb: Barna hennes får én million kroner i kompensasjon,2024-12-05,08:00:03
NRK,Mange dropper vaksinen: – Kan få mange syke samtidig,2024-12-05,08:00:03
NRK,Vi drikk meir mjølk – men bøndene får ikkje tak i kyr,2024-12-05,08:00:03
NRK,Vil avslutte gratis samisk barnehage­tilbud,2024-12-05,08:00:03
NRK,«Frp frykter Giske»,2024-12-05,08:00:03
NRK,Færre vil bli lærar: Berre 94 søkte på 229 plassar,2024-12-05,08:00:03
NRK,Helsedirektoratet meiner norsk kosthald går feil veg: Droppar sunn mat – vel det billigaste,2024-12-05,08:00:03
NRK,«Negle­­­bitende spenning»,2024-12-05,08:00:03
NRK,Equinor og Shell: Dannar Stor­britannias største uavhengige olje - og gas­selskap,2024-12-05,08:00:03
NRK,Charli XCX kommer til Øya­festivalen,2024-12-05,08:00:03
NRK,Lærer klipper og limer under­visnings­­­materiale selv,2024-12-05,08:00:03
NRK,Drapet på toppsjef i New York: – Kompetent attentat­­­­mann,2024-12-05,08:00:03
NRK,Stortalentet ble deprimert etter EM-medaljen,2024-12-05,08:00:03
NRK,Veterinær hardt ut mot egen bransje: – Jeg opplever det krenkende,2024-12-05,08:00:03
NRK,Bergen: Store blikk­plater losna i vinden,2024-12-05,08:00:03
NRK,V-cup: Klæbo står over,2024-12-05,08:00:03
NRK,Situasjonen i Sør-Korea: Presidentens eige parti ber han om å melde seg ut,2024-12-05,08:00:03
NRK,Ny bitcoin-milepæl,2024-12-05,08:00:03
NRK,Kommune skal spare 200 mill. – kutter skole­renhold,2024-12-05,08:00:03
NRK,Stor auke i overdosar i fjor: – Eg var jo klinisk død,2024-12-05,08:00:03
NRK,Punger ut nær 1 million for studiene: – Rottene løper over stuegulvet,2024-12-05,08:00:03
NRK,Nav-ansatte fortviler: – Det har blitt et offentlig toalett,2024-12-05,08:00:03
NRK,Norge uten IA-avtale fra nyttår,2024-12-05,08:00:03
NRK,79 døde av ukjent sykdom i DR Kongo,2024-12-05,08:00:03
NRK,Frankrikes regjering felt,2024-12-05,08:00:03
NRK,Spotify: Låten hans ble strømmet mest i Norge i år,2024-12-05,08:00:03
NRK,«Ren magi»,2024-12-05,08:00:03
NRK,Russetiden flyttet – må endre planene,2024-12-05,08:00:03
NRK,Trener­legenden åpner for Norge-jobben,2024-12-05,08:00:03
NRK,Frosta-direktør med anmodning til Helsetilsynet – fekk nei,2024-12-05,08:00:03
NRK,Frankrikes regjering felt: Dette skjer nå,2024-12-05,08:00:03
NRK,Tandrevold måtte stoppe i løypa – fikk utfordringer med hjertet,2024-12-05,08:00:03
NRK,Svenske prinsesse Birgitta er død,2024-12-05,08:00:03
NRK,"Her auka bustadprisane med 12,1 prosent: Sunniva (27): – Eg trur ikkje eg har ein sjanse",2024-12-05,08:00:03
NRK,La barna være med og bake til jul,2024-12-05,08:00:03
NRK,Georgia: Tusenvis i gatene – frykter sammenstøt,2024-12-05,08:00:03
NRK,Tunge stemmer holder seg tause,2024-12-05,08:00:03
NRK,Har sett 10 cupfinaler med FFK: – Dette kan bli den siste,2024-12-05,08:00:03
NRK,«Salah lurer de biologiske lovene»,2024-12-05,08:00:03
NRK,«Jeg elsker fylkes­kommunen»,2024-12-05,08:00:03
NRK,Østfold: Legger ned to videre­gående skoler - vil ramme 2000 elever,2024-12-05,08:00:03
NRK,Sjukehus delte detaljar frå personal­sak,2024-12-05,08:00:03
NRK,Erkjenner straff­skyld etter at datteren (1) døde i badekaret,2024-12-05,08:00:03
NRK,Nødhjelp til Gaza: – Alle laste­bilene ble tatt,2024-12-05,08:00:03
NRK,Tiltalt for valdtekt av fleire barn: Meiner det er stor fare for tilbake­­­­fall – ber om 15 år forvaring,2024-12-05,08:00:03
NRK,Lettare å få bustad­lån: Professor fryktar høgare prisar,2024-12-05,08:00:03
NRK,Hør hundrevis av podkaster og radio­programmer i NRK Radio,2024-12-05,08:00:03
VG,- I verste fall er det korrupsjon,2024-12-05,08:00:06
VG,United i sorg,2024-12-05,08:00:06
VG,Unge tør ikke si hva de mener,2024-12-05,08:00:06
VG,Biden-video får reaksjoner,2024-12-05,08:00:06
VG,Venter barn,2024-12-05,08:00:06
VG,Mye av i Norge,2024-12-05,08:00:06
VG,- Folk har blitt trakassert av Max i flere år,2024-12-05,08:00:06
VG,- Har et flertall bak meg,2024-12-05,08:00:06
VG,- Har fått en identitetskrise,2024-12-05,08:00:06
VG,Norsk julegran vekker oppsikt,2024-12-05,08:00:06
VG,SE: Konfrontert av Johaug,2024-12-05,08:00:06
VG,- Han er en taper,2024-12-05,08:00:06
VG,- Det var gråting og sjokk,2024-12-05,08:00:06
VG,SE: CP Cacereno - Atletico Madrid,2024-12-05,08:00:06
VG,Stjal Rolex - matet kattene,2024-12-05,08:00:06
VG,NÅ: Utsetter stenging av 2G-nettet,2024-12-05,08:00:06
VG,Varsler 10-15 cm snø,2024-12-05,08:00:06
VG,Politiet frigir bilder,2024-12-05,08:00:06
VG,Ta museskritt til god økonomi,2024-12-05,08:00:06
VG,- Det vil jeg holde privat,2024-12-05,08:00:06
VG,NÅ: Fordømmer maktbruk i Georgia,2024-12-05,08:00:06
VG,Her henter de raskest,2024-12-05,08:00:06
VG,Nav-direktøren beklager,2024-12-05,08:00:06
VG,Far og sønn får ærespris,2024-12-05,08:00:06
VG,Har mistet kontrollen,2024-12-05,08:00:06
VG,- Katastrofe,2024-12-05,08:00:06
VG,Kameraene på gården fanger alt,2024-12-05,08:00:06
VG,Ødegaard- beskjed,2024-12-05,08:00:06
VG,- Tror Hitler stakk til Argentina,2024-12-05,08:00:06
VG,Slik laget de den «geniale» telefonen,2024-12-05,08:00:06
VG,Anklager Israel for folkemord,2024-12-05,08:00:06
VG,Musiker dømt for voldtekt,2024-12-05,08:00:06
VG,Kommer til Norge,2024-12-05,08:00:06
VG,Vegard (25) døde i dykkerulykken,2024-12-05,08:00:06
VG,- En slagen mann,2024-12-05,08:00:06
VG,Telenor advarer,2024-12-05,08:00:06
VG,Trygler om hjelp,2024-12-05,08:00:06
VG,- Huden tålte ikke sol,2024-12-05,08:00:06
VG,- Vi skal fikse jernbanen,2024-12-05,08:00:06
VG,Helsedirektoratet roper varsko,2024-12-05,08:00:06
VG,Nesten en av fem har kjørt ruset,2024-12-05,08:00:06
VG,Kjøper kunst for 240 mill.,2024-12-05,08:00:06
VG,Skal ha vært inngraverte ord på kulene,2024-12-05,08:00:06
VG,Hadde over én million i forbruksgjeld,2024-12-05,08:00:06
VG,Han vakler,2024-12-05,08:00:06
VG,Kamera- mannen ble flau,2024-12-05,08:00:06
VG,- Kunne kanskje gjort mer,2024-12-05,08:00:06
VG,Full jule- priskrig,2024-12-05,08:00:06
VG,Vurderer Temu-skatt,2024-12-05,08:00:06
VG,Utvist for lugging,2024-12-05,08:00:06
VG,Etablerer gigantselskap,2024-12-05,08:00:06
VG,Breivik har fått marsvin,2024-12-05,08:00:06
VG,Det første bildet av kongeparet,2024-12-05,08:00:06
VG,Historisk tørke,2024-12-05,08:00:06
VG,SE: Nusa herjet med topplag,2024-12-05,08:00:06
VG,Virus påvist,2024-12-05,08:00:06
VG,Dødeligheten går ned,2024-12-05,08:00:06
VG,Kritisk til kosttilskudd,2024-12-05,08:00:06
VG,"Prisvekst på 1,6 prosent",2024-12-05,08:00:06
VG,Her er Støre minst populær,2024-12-05,08:00:06
VG,- Mannen min slapp bomben,2024-12-05,08:00:06
VG,Mbappé tar selvkritikk,2024-12-05,08:00:06
VG,- Vi slutter,2024-12-05,08:00:06
VG,- Beinet mitt ble bare mindre,2024-12-05,08:00:06
VG,Dukket opp på kokain- beslag,2024-12-05,08:00:06
VG,- Elsker Salah,2024-12-05,08:00:06
VG,Kjempe- brøler,2024-12-05,08:00:06
VG,Minst 3000 griser har brent inne,2024-12-05,08:00:06
VG,Alle brødrene har IQ på over 125,2024-12-05,08:00:06
VG,Pene topper til julebord,2024-12-05,08:00:06
VG,Hodet var kappet av,2024-12-05,08:00:06
VG,- Sjokkerende,2024-12-05,08:00:06
VG,- Styr unna!,2024-12-05,08:00:06
VG,Betalte medie-hjelp i bryllup,2024-12-05,08:00:06
VG,Tjente én million på en måned,2024-12-05,08:00:06
VG,Lover å kutte ut alkohol,2024-12-05,08:00:06
VG,Presidenten etterforskes,2024-12-05,08:00:06
VG,- Fikk applaus,2024-12-05,08:00:06
VG,Like mye som en liten middag,2024-12-05,08:00:06
VG,- Nesten ikke til å holde ut,2024-12-05,08:00:06
VG,Madelen og vikaren,2024-12-05,08:00:06
VG,Slik unngår du å bli funnet på nettet,2024-12-05,08:00:06
VG,Skikkelig god tomatsild,2024-12-05,08:00:06
VG,Kan låne over én million mer,2024-12-05,08:00:06
VG,Passerte 100.000 dollar,2024-12-05,08:00:06
VG,Viser bildene for første gang,2024-12-05,08:00:06
VG,Forsøkte å stjele for 32.000 i matbutikken,2024-12-05,08:00:06
VG,Én negativ effekt du bør vite om,2024-12-05,08:00:06
VG,Narkobaron løslatt,2024-12-05,08:00:06
VG,Spøkte med pressen: - Takk for meg!,2024-12-05,08:00:06
VG,Sjekk oversikten: Disse støtter Støre,2024-12-05,08:00:06
VG,Swift på bok-toppen,2024-12-05,08:00:06
VG,Banket opp og arrestert,2024-12-05,08:00:06
VG,Den franske regjeringen felt,2024-12-05,08:00:06
VG,Norges gullgate,2024-12-05,08:00:06
VG,Håver inn på aksjer,2024-12-05,08:00:06
VG,Latter på Stortinget,2024-12-05,08:00:06
VG,- Tenker på alle gangene jeg besteg deg,2024-12-05,08:00:06
VG,Fond eller BSU?,2024-12-05,08:00:06
VG,Prinsesse Birgitta er død,2024-12-05,08:00:06
VG,Ministeren kalles inn på teppet,2024-12-05,08:00:06
VG,- Hva i alle dager?,2024-12-05,08:00:06
VG,«Sutre- landslaget»,2024-12-05,08:00:06
VG,Sannheten om kvinners sex,2024-12-05,08:00:06
VG,Døttrenes sorg,2024-12-05,08:00:06
VG,Fem gode TV-serier,2024-12-05,08:00:06
VG,Det startet med en hånd på låret,2024-12-05,08:00:06
VG,Våre nyeste magasiner,2024-12-05,08:00:06
VG,- Beste TV-en vi har sett,2024-12-05,08:00:06
VG,Klarer du dagens ordstjerne?,2024-12-05,08:00:06
VG,Elggryte,2024-12-05,08:00:06
VG,- Har vært mye sint,2024-12-05,08:00:06
VG,Begge fikk kreft,2024-12-05,08:00:06
VG,VG vil høre fra deg,2024-12-05,08:00:06
VG,Beste trede- møllen å ha hjemme,2024-12-05,08:00:06
VG,- Jeg som egentlig aldri ønsket meg barn,2024-12-05,08:00:06
VG,- Kan du vennligst forlate eiendommen min,2024-12-05,08:00:06
VG,Kan ha plagsom bivirkning,2024-12-05,08:00:06
VG,"- Det at vi har holdt sammen, er et under",2024-12-05,08:00:06
VG,Når er det greit å si fra?,2024-12-05,08:00:06
VG,- At en kvinne gjør sånt,2024-12-05,08:00:06
VG,«Ikke publiser dette før jeg blir drept»,2024-12-05,08:00:06
VG,«Du har lurt alle sammen»,2024-12-05,08:00:06
VG,Forskjellen på klementin og mandarin,2024-12-05,08:00:06
VG,Deler sitt styrke- program,2024-12-05,08:00:06
VG,- For et godt liv jeg har hatt!,2024-12-05,08:00:06
VG,- Lindring nesten med en gang,2024-12-05,08:00:06
VG,- Folk snakker fortsatt om ham,2024-12-05,08:00:06
VG,Oppklart etter 50 år,2024-12-05,08:00:06
VG,-⁠ Er dette frivillig?,2024-12-05,08:00:06
VG,Disse tar medaljene i ski-VM,2024-12-05,08:00:06
VG,- Det gjør meg forbannet,2024-12-05,08:00:06
VG,Avliver myter,2024-12-05,08:00:06
VG,Matvarene som bør droppes,2024-12-05,08:00:06
VG,Over halvparten av verdien er barbert bort,2024-12-05,08:00:06
VG,Våre beste cocktails,2024-12-05,08:00:06
VG,- Folk må forstå,2024-12-05,08:00:06
VG,Var så nedbrutt at hun ble innlagt,2024-12-05,08:00:06
VG,Ekstremt dyr fornøyelse,2024-12-05,08:00:06
VG,- I Norge lever vi litt i en boble,2024-12-05,08:00:06
VG,Han er tilbake,2024-12-05,08:00:06
VG,- Her blir jeg livet ut,2024-12-05,08:00:06
VG,Testvinneren veier bare 47 gram,2024-12-05,08:00:06
VG,- Mange sier de får et nytt barn,2024-12-05,08:00:06
VG,- Situasjonen er kritisk,2024-12-05,08:00:06
VG,- Vi har ikke mer sjalusi enn andre,2024-12-05,08:00:06
VG,Strøken luksusbil,2024-12-05,08:00:06
VG,- Morsomste jeg har sett på TV,2024-12-05,08:00:06
VG,- Vanskelig å oppdage,2024-12-05,08:00:06
VG,Stor kanariøy- guide,2024-12-05,08:00:06
VG,Beste billige hodelykt,2024-12-05,08:00:06
VG,«Noe er galt»,2024-12-05,08:00:06
VG,Dette bør du spise,2024-12-05,08:00:06
VG,Familie bruker kun 4000 per måned,2024-12-05,08:00:06
VG,- Måtte jekkes ned litt av og til,2024-12-05,08:00:06
VG,På patrulje i Groruddalen,2024-12-05,08:00:06
VG,- Tenker at det toget er gått,2024-12-05,08:00:06
VG,Funnet død i gjennom- frossen bolig,2024-12-05,08:00:06
VG,Les dagens Pondus,2024-12-05,08:00:06
VG,Les dagens Lunch,2024-12-05,08:00:06
VG,Les dagens Hjalmar,2024-12-05,08:00:06
Aftenposten,I all hemmelighet møttes fire menn og en kvinne for å felle Ap-lederen. Én av dem var Støre.,2024-12-05,08:16:48
Aftenposten,Årets store sak gikk for USAs høyesterett. Norge ble nevnt to ganger.,2024-12-05,08:16:48
Aftenposten,Kunst om Lars Grønnerøds stue (!) er faktisk ikke like spekulativt som det høres ut,2024-12-05,08:16:48
Aftenposten,Den single kvinnen i 30-årene har oppdaget noe som hindrer menn i å lykkes på sjekkemarkedet,2024-12-05,08:16:48
Aftenposten,"Lykkeland-skuespilleren er god for 16 milliarder kroner. Men det som plager ham er mugg, kreft og bakterier.",2024-12-05,08:16:48
Aftenposten,Her ligger enda en avlivet hest. Hvorfor dør så mange når de kun er fem år gamle?,2024-12-05,08:16:48
Aftenposten,Trumps Ukraina- «fredsplan» begynner å avtegne seg,2024-12-05,08:16:48
Aftenposten,«A Christmas Hangover» kunne blitt en klassiker om det var 200 kroner billigere,2024-12-05,08:16:48
Aftenposten,"Brukte et døgn hjem, mens Klæbo tok privatfly",2024-12-05,08:16:48
Aftenposten,Dagens viktigste nyheter,2024-12-05,08:16:48
Aftenposten,Feilaktige påstander: Vi har analysert dødsfallene til 25.000 travhester,2024-12-05,08:16:48
Aftenposten,Det norske kostholdet blir verre og verre. Én ting kan snu det.,2024-12-05,08:16:48
Aftenposten,"Sekservarsel: Dette er selve essensen av fyldig, smørete hvitvin",2024-12-05,08:16:48
Aftenposten,"Hellas brenner, og huset står under vann. Likevel skal de til Syden.",2024-12-05,08:16:48
Aftenposten,Henrik har sett lyset fra Oven. Influenseren er ikke lenger en «gymbro».,2024-12-05,08:16:48
Aftenposten,Syriske opprørere har tatt Syrias fjerde største by,2024-12-05,08:16:48
Aftenposten,Notre-Dame ble omtrent like dyr som Helseplattformen,2024-12-05,08:16:48
Aftenposten,"Parsa og Lisa byttet byliv med Lofoten: – Vi kom hit for å bli rike, men ikke på penger",2024-12-05,08:16:48
Aftenposten,Det er politisk krise i Frankrike. Derfor er det et problem for Europa.,2024-12-05,08:16:48
Aftenposten,Hvordan få barna til å elske deg når de blir voksne? Psykologen er ikke i tvil om hvilken fase som er viktigst.,2024-12-05,08:16:48
Aftenposten,Har du fått med deg disse videoene?,2024-12-05,08:16:48
Aftenposten,Oslo kommune: 17.000 kan være berørt av pensjonsblemme,2024-12-05,08:16:48
Aftenposten,Det kan bli 10–15 cm snø. Har sendt ut farevarsel.,2024-12-05,08:16:48
Aftenposten,Russland ønsker å skremme oss,2024-12-05,08:16:48
Aftenposten,"250.000 nordmenn har stoffskiftesykdom. Da Bård Larsen mistet faren sin, prøvde han å finne ut hva som hadde skjedd.",2024-12-05,08:16:48
Aftenposten,Erlend Thonstad (24) har vært ensom hele livet. Så oppdaget han noe som endret alt.,2024-12-05,08:16:48
Aftenposten,Disse resultatene i matte og naturfag er et varsko for norsk skole,2024-12-05,08:16:48
Aftenposten,Å sette grenser betyr ofte å skuffe andre. Her er noen råd for å unngå skyldfølelse.,2024-12-05,08:16:48
Aftenposten,Hvisking på første benk,2024-12-05,08:16:48
Aftenposten,Den fryktede dvergbendelormen på vei til Norge: – Kun et spørsmål om tid,2024-12-05,08:16:48
Aftenposten,Desember føles som et maraton. Hva kan jeg gjøre for å bli mindre stresset?,2024-12-05,08:16:48
Aftenposten,Tøffe tider: Stramme inn på hjemmekontor?,2024-12-05,08:16:48
Aftenposten,Narsissistene er kanskje ikke de du tror. – Dette er en helt annerledes type.,2024-12-05,08:16:48
Aftenposten,Psykolog om utbrenthet: – Vi må tørre å stå i og ta ansvar for eget liv,2024-12-05,08:16:48
Aftenposten,Det norske juletreet er på plass: – Hvor mange flere ganger er Norge nødt til å ydmyke oss?,2024-12-05,08:16:48
Aftenposten,"Hva bør en gjøre dersom noen dominerer samtalen? Vi har spurt en filosof, forfatter og psykolog.",2024-12-05,08:16:48
Aftenposten,Olav Elgvins innlegg om Søndre Nordstrand skjemmes av en stor misforståelse,2024-12-05,08:16:48
Aftenposten,Vi må tørre å snakke om nye velferdsløsninger,2024-12-05,08:16:48
Aftenposten,Mange gutter og menn kjenner seg ikke igjen i dette,2024-12-05,08:16:48
Aftenposten,Det var en «mørk dag» for Netanyahu da han fikk arrestordren. Kan det lysne nå?,2024-12-05,08:16:48
Aftenposten,Breiviks soningsforhold opp til ny vurdering – undulater er byttet ut med marsvin,2024-12-05,08:16:48
Aftenposten,Svarer Kjetil Rolness: Ulikelønn er et faktum,2024-12-05,08:16:48
Aftenposten,– Dropp spriten. Bland øl med brus. Bestem deg for hva du ikke skal snakke om.,2024-12-05,08:16:48
Aftenposten,Historisk tørke i det sørlige Afrika – 26 millioner trues av sult,2024-12-05,08:16:48
Aftenposten,Oljeanalytiker overrasket over Equinor- og Shell-sammenslåing,2024-12-05,08:16:48
Aftenposten,Johaug reagerer kraftig på svensk dom: – Så kan jeg svare at han er en taper,2024-12-05,08:16:48
Aftenposten,Fordelsprogram,2024-12-05,08:16:48
Aftenposten,Vinteren kommer trolig i år også. Dette er tegnene du må se etter.,2024-12-05,08:16:48
Aftenposten,Trenerlegenden dukket opp i Norge - hyller sin gamle elev Ødegaard,2024-12-05,08:16:48
Aftenposten,Friidrettsforbundet betalte for presseansvarlig i bryllupet,2024-12-05,08:16:48
Aftenposten,Fossesholms utrolige snuoperasjon: – Jeg har pint meg gjennom,2024-12-05,08:16:48
Aftenposten,Forslaget om Økern er så godt at sentrumstilhengerne vil grøsse,2024-12-05,08:16:48
Aftenposten,Mehl trakk i nødbremsen igjen. Ukrainske asylsøkere strømmer fortsatt til Norge.,2024-12-05,08:16:48
Aftenposten,Det er på tide at elevene får vite at innsats og hardt arbeid lønner seg,2024-12-05,08:16:48
Aftenposten,Gaza ligger i ruiner. Nå slår Amnesty fast at Israel begår folkemord.,2024-12-05,08:16:48
Aftenposten,Ny rapport om kostholdet vårt bekymrer: – Det går feil vei,2024-12-05,08:16:48
Aftenposten,Bekrefter: Charli XCX kommer til Norge neste år,2024-12-05,08:16:48
Aftenposten,Steiler over Oslo-kutt: – De later som om de er truffet av en naturkatastrofe,2024-12-05,08:16:48
Aftenposten,Opprørernes plan: Hun skal informere Støre om at flertallet i landsmøtet vil kaste ham.,2024-12-05,08:16:48
Aftenposten,Mener regjeringen ikke tar hensyn til forskning ved bygging av nye idrettsanlegg: – Bakstreversk,2024-12-05,08:16:48
Aftenposten,Finanstilsynet: Lavere renter og lettelser i utlånsreguleringen kan gi boligprisvekst,2024-12-05,08:16:48
Aftenposten,Klæbo står over ett renn på Lillehammer,2024-12-05,08:16:48
Aftenposten,En ulidelig selvopptatt offentlighet,2024-12-05,08:16:48
Aftenposten,Toppadvokat slår alarm om Norges fremtid: – Vår nye olje er kapital,2024-12-05,08:16:48
Aftenposten,Hele partiledelsen min har omfavnet reality-TV. Det er alt annet enn folkelig.,2024-12-05,08:16:48
Aftenposten,Her er reisemålene ekspertene anbefaler for 2025,2024-12-05,08:16:48
Aftenposten,To har allerede trukket seg fra Trumps nye administrasjon. Nå ryker kanskje Pete Hegseth.,2024-12-05,08:16:48
Aftenposten,Lanserer billig løsning for Nationaltheatret. Vil teaterfolket godta den?,2024-12-05,08:16:48
Aftenposten,Nesten alt er galt med disse julekalenderne,2024-12-05,08:16:48
Aftenposten,Etter 20 år er det slutt. Brudd i IA-avtalen,2024-12-05,08:16:48
Aftenposten,Den opplagte løsningen for Nationaltheatret er å skille bygningen fra brukeren,2024-12-05,08:16:48
Aftenposten,16-åring døde etter knivstikking på Oslo S. 17-åring tiltalt.,2024-12-05,08:16:48
Aftenposten,"Tines klimagrep skaper debatt. Helt trygt, ifølge Mattilsynet.",2024-12-05,08:16:48
Aftenposten,Den lille vinbaren er plutselig en av Grünerløkkas beste restauranter,2024-12-05,08:16:48
Aftenposten,Gjengene skal knuses. Da henger ikke dette på greip.,2024-12-05,08:16:48
Aftenposten,Kollegene leverte positive dopingprøver. Bak forklaringene ligger noe som skremmer Casper Ruud.,2024-12-05,08:16:48
Aftenposten,Video viser foranledningen for skytingen i New York,2024-12-05,08:16:48
Aftenposten,Reagerer på pavens hemmelighet i ny film: – Katolikker burde være rasende,2024-12-05,08:16:48
Aftenposten,Smelldigge Ullern-damer og guttegrupper er blant musikkårets vinnere,2024-12-05,08:16:48
Aftenposten,Har Støre støtte som partileder? Dette svarer fylkeslederne i Arbeiderpartiet til VG.,2024-12-05,08:16:48
Aftenposten,Politiet trodde saken mot Bhatti skulle være ferdig i november. Nå har de reist til Pakistan.,2024-12-05,08:16:48
Aftenposten,Norges eldste butikk i sitt slag: – Suksess-oppskriften er veldig enkel,2024-12-05,08:16:48
Aftenposten,Ikke vedta rett til helsehjelp når kapasiteten mangler,2024-12-05,08:16:48
Aftenposten,Spill,2024-12-05,08:16:48
Se og Hør,- Vi klinte heftig,2024-12-05,08:16:51
Se og Hør,Deler gladmelding,2024-12-05,08:16:51
Se og Hør,- Nærmer seg konkurs,2024-12-05,08:16:51
Se og Hør,Dette er tegnene på at du svindles,2024-12-05,08:16:51
Se og Hør,Produksjonen griper inn: - Traumatisk!,2024-12-05,08:16:51
Se og Hør,- Veldig unødvendig,2024-12-05,08:16:51
Se og Hør,- Jeg får bare lommepenger,2024-12-05,08:16:51
Se og Hør,Om ekteskapet: - Jeg har arr,2024-12-05,08:16:51
Se og Hør,Røper helseproblem: - Ikke glamorøst,2024-12-05,08:16:51
Se og Hør,- Skilt oss 10-12 ganger,2024-12-05,08:16:51
Se og Hør,- Skadet hodet før hun døde,2024-12-05,08:16:51
Se og Hør,- Savner barna,2024-12-05,08:16:51
Se og Hør,«Voldtok kvinne etter familie-middag»,2024-12-05,08:16:51
Se og Hør,Foreldrenes formue «forsvant»,2024-12-05,08:16:51
Se og Hør,- Pappa er et forbilde,2024-12-05,08:16:51
Se og Hør,Knivmann pågrepet,2024-12-05,08:16:51
Se og Hør,Artist dømt for voldtekt,2024-12-05,08:16:51
Se og Hør,Bekrefter hun kjæreste her?,2024-12-05,08:16:51
Se og Hør,Ny utvikling i inkasso-saken,2024-12-05,08:16:51
Se og Hør,En av verdens rikeste kvinner: Mistet alt,2024-12-05,08:16:51
Se og Hør,- Har det veldig fint,2024-12-05,08:16:51
Se og Hør,Slipper unna - igjen,2024-12-05,08:16:51
Se og Hør,Prinsesse Kate-bilder vekker oppsikt,2024-12-05,08:16:51
Se og Hør,Gjør det igjen: - Ekkelt,2024-12-05,08:16:51
Se og Hør,Nå er det slutt,2024-12-05,08:16:51
Se og Hør,Se sjokk-videoen fra Skaugum,2024-12-05,08:16:51
Se og Hør,Kan dø innen 50 dager,2024-12-05,08:16:51
Se og Hør,I denne landsdelen onanerer menn oftest,2024-12-05,08:16:51
Se og Hør,Meghan tatt med buksene nede,2024-12-05,08:16:51
Se og Hør,Store forskjeller mellom kjendisparene,2024-12-05,08:16:51
Se og Hør,«Babyjubel» vekker oppsikt,2024-12-05,08:16:51
Se og Hør,Abid Raja: En myte at jeg må være festens midtpunkt,2024-12-05,08:16:51
Se og Hør,Bekrefter ryktene,2024-12-05,08:16:51
Se og Hør,Avslører gladnyhet,2024-12-05,08:16:51
Se og Hør,Ble slutt like etter fødsel,2024-12-05,08:16:51
Se og Hør,Hør telefonsamtalen fra Marius Borg Høiby-saken,2024-12-05,08:16:51
Se og Hør,Hoffet deler trist beskjed,2024-12-05,08:16:51
Se og Hør,Bekrefter ryktene,2024-12-05,08:16:51
Se og Hør,Vant 42 millioner,2024-12-05,08:16:51
Se og Hør,Punget ut for hyttedrøm,2024-12-05,08:16:51
Se og Hør,Theo (7) døde i mammas armer,2024-12-05,08:16:51
Se og Hør,Feirer ikke med Tommy,2024-12-05,08:16:51
Se og Hør,Sa nei - endret familien,2024-12-05,08:16:51
Se og Hør,- Både helsefarlig og dødelig,2024-12-05,08:16:51
Se og Hør,Helsepersonell må gripe inn,2024-12-05,08:16:51
Se og Hør,TV-lege døde,2024-12-05,08:16:51
Se og Hør,Ellevill økning i formuen,2024-12-05,08:16:51
Se og Hør,Slik ser han ikke ut lenger,2024-12-05,08:16:51
Se og Hør,Cathrine (55) har hatt ALS i ni år,2024-12-05,08:16:51
Se og Hør,Ikke invitert,2024-12-05,08:16:51
Se og Hør,Politiet bekrefter: Kan reise på rehab,2024-12-05,08:16:51
Se og Hør,- Har gitt meg alt,2024-12-05,08:16:51
Se og Hør,- Kan ikke tro jeg gjorde det,2024-12-05,08:16:51
Se og Hør,Svarer på ryktene: - Er ikke meg,2024-12-05,08:16:51
Se og Hør,Trues med arrest!,2024-12-05,08:16:51
Se og Hør,Fikk 20 000 i måneden fra foreldrene,2024-12-05,08:16:51
Se og Hør,Ta et sidesprang på Gran Canaria,2024-12-05,08:16:51
Se og Hør,Deler nye bilder,2024-12-05,08:16:51
Se og Hør,Blir pappa for 6. gang,2024-12-05,08:16:51
Se og Hør,Dukket opp helt privat,2024-12-05,08:16:51
Se og Hør,Forsnakker seg: - Unnskyld!,2024-12-05,08:16:51
Se og Hør,Brudd etter dette,2024-12-05,08:16:51
Se og Hør,Håvet inn på nakeninnhold,2024-12-05,08:16:51
Se og Hør,Bekrefter kjæreste,2024-12-05,08:16:51
Se og Hør,Sveriges ukjente prinsesse,2024-12-05,08:16:51
Se og Hør,På topp igjen,2024-12-05,08:16:51
Se og Hør,Bekrefter gladnyhet,2024-12-05,08:16:51
Se og Hør,Feirer med kjæresten,2024-12-05,08:16:51
Se og Hør,Deler supermetode: Ned 20 kilo,2024-12-05,08:16:51
Se og Hør,Gjenforent etter 37 år,2024-12-05,08:16:51
Se og Hør,Gleder meg ikke til jul,2024-12-05,08:16:51
Se og Hør,Brukte pengepremie på brudekjole,2024-12-05,08:16:51
Se og Hør,NRK-kritikk: - Verste jeg har sett,2024-12-05,08:16:51
Se og Hør,- Har det veldig koselig,2024-12-05,08:16:51
Se og Hør,- Hun er en viktig del av livet mitt,2024-12-05,08:16:51
Se og Hør,Nye detaljer avslørt,2024-12-05,08:16:51
Se og Hør,Helene ned 30 kilo: Oppsiktsvekkende metode,2024-12-05,08:16:51
Se og Hør,Endelig lykke etter tøffe år,2024-12-05,08:16:51
Se og Hør,Avlyser oppdrag,2024-12-05,08:16:51
Se og Hør,Endelig tid til Ingrid,2024-12-05,08:16:51
Se og Hør,Matet vennene med kake,2024-12-05,08:16:51
Se og Hør,Røper detalj:- En trussel,2024-12-05,08:16:51
Se og Hør,Drar på solotur,2024-12-05,08:16:51
Se og Hør,- De står i sin verste krise,2024-12-05,08:16:51
Se og Hør,Johannes Joner: Glemmer aldri 7. oktober,2024-12-05,08:16:51
Se og Hør,Frykter å bli stående igjen alene,2024-12-05,08:16:51
Se og Hør,Raser: - Det var helt forferdelig,2024-12-05,08:16:51
Se og Hør,Deler private bilder: - Takknemlig,2024-12-05,08:16:51
Se og Hør,Forfølges etter soningen: - Hva faen?,2024-12-05,08:16:51
Se og Hør,Dette sier hun om frieriet,2024-12-05,08:16:51
Se og Hør,Slår på stortromma!,2024-12-05,08:16:51
Se og Hør,Refser NRK: - Bør stilles til ansvar,2024-12-05,08:16:51
Se og Hør,Kollapset på talerstolen,2024-12-05,08:16:51
Se og Hør,Satt tre uker ved morens dødsleie,2024-12-05,08:16:51
Se og Hør,Leker katt-og-mus med politiet,2024-12-05,08:16:51
Se og Hør,- Ville ikke forklare seg,2024-12-05,08:16:51
Se og Hør,Første bildene: - La det ligge,2024-12-05,08:16:51
Se og Hør,- Vi lærer fortsatt,2024-12-05,08:16:51
Se og Hør,Gravid: - Ikke planlagt,2024-12-05,08:16:51
Se og Hør,Hemmelig bryllupsbilde lekket,2024-12-05,08:16:51
Se og Hør,Sjokket fem år etter: Aris testamente,2024-12-05,08:16:51
Se og Hør,- Håpløs situasjon,2024-12-05,08:16:51
Se og Hør,- Trenger ingen mann,2024-12-05,08:16:51
Se og Hør,Formuen forduftet,2024-12-05,08:16:51
Se og Hør,Snikes inn foran Märtha,2024-12-05,08:16:51
Se og Hør,- Vil ta hverdagen tilbake,2024-12-05,08:16:51
Se og Hør,- Må være krevende,2024-12-05,08:16:51
Se og Hør,Uskyldig og sexy,2024-12-05,08:16:51
Se og Hør,Avslører alvorlig sykdom,2024-12-05,08:16:51
Se og Hør,Kates grep: - Stor forskjell,2024-12-05,08:16:51
Se og Hør,I sorg: - Var veldig syk,2024-12-05,08:16:51
Se og Hør,- Aldri gjort det før,2024-12-05,08:16:51
Se og Hør,Havner i høylytt diskusjon,2024-12-05,08:16:51
Se og Hør,- Tenker ikke på å ligge,2024-12-05,08:16:51
Se og Hør,Deler privat bilde,2024-12-05,08:16:51
Se og Hør,- Sleit som bare juling,2024-12-05,08:16:51
Se og Hør,- Ny variant av seg selv,2024-12-05,08:16:51
Se og Hør,Røper gladnyhet,2024-12-05,08:16:51
Se og Hør,Stakk til USA etter bråket,2024-12-05,08:16:51
Se og Hør,- Hadde ikke gått uten Linnéa,2024-12-05,08:16:51
Se og Hør,- Vi slo opp på onsdag,2024-12-05,08:16:51
Se og Hør,Avlyser i hui og hast,2024-12-05,08:16:51
Se og Hør,- Ydmyket min kone,2024-12-05,08:16:51
Se og Hør,Enkens gripende farvel,2024-12-05,08:16:51
