Source,Headline,Date,Time
NRK,Katrine har betalt nesten en million for egen kreftmedisin,2024-12-09,15:08:02
NRK,Set fri fangar frå «slaktehuset» i Syria,2024-12-09,15:08:02
NRK,«Et fengende premiss for en juleferie­katastrofe»,2024-12-09,15:08:02
NRK,Budsjettkrise i Oslo: Frp avviser siste budsjettilbud,2024-12-09,15:08:02
NRK,Ny måling for Dagbladet og Vårt Land: Krise­oppslutning for Ap,2024-12-09,15:08:02
NRK,Idretts-Noreg i sorg etter dødsbodskap: Johaug: – Eg fekk ein støkk,2024-12-09,15:08:02
NRK,Kok på sametingene i nabolanda også: Sverige og Finland nekter folk adgang,2024-12-09,15:08:02
NRK,Mye regn i Nord-Norge: – Dette er bare starten,2024-12-09,15:08:02
NRK,Norge nær historisk boikott før Qatar-VM – tviler på det samme vil skje nå,2024-12-09,15:08:02
NRK,Kontroll på brann i Rørvik: Jule­konsert ble evakuert,2024-12-09,15:08:02
NRK,Mistenkt for drap på toppleder: Arrestert på McDonalds,2024-12-09,15:08:02
NRK,Norge klare for semifinale – reagerer på tysk manøver,2024-12-09,15:08:02
NRK,Lever med tabubelagt sykdom: «Det er noe galt med den ungen»,2024-12-09,15:08:02
NRK,«Partiet»-forfatterne klager medier til PFU,2024-12-09,15:08:02
NRK,Skjemmer bort katten til jul: – Jeg elsker å se gleden,2024-12-09,15:08:02
NRK,Vegvesenets storsatsing: Avdekker ulovlige verksteder over hele landet,2024-12-09,15:08:02
NRK,Hva vil Syrias nye leder?,2024-12-09,15:08:02
NRK,Bryter NHO-samarbeid: – Har ikke opplevd lignende i hele min tid i LO,2024-12-09,15:08:02
NRK,Premier League-dommer sparket,2024-12-09,15:08:02
NRK,Støre om Egypts leder: – Stemningen er nok preget av dyp uro,2024-12-09,15:08:02
NRK,Palestinske barn har landet i Norge: – Et viktig signal,2024-12-09,15:08:02
NRK,Ankesak i gang: Breivik mener sonings­­forholdene bryter menneske­­rettighetene,2024-12-09,15:08:02
NRK,Norske Mona Fastvold nominert til Golden Globe,2024-12-09,15:08:02
NRK,Syria: Slik var det dramatiske døgnet,2024-12-09,15:08:02
NRK,Alt-i-ett-form,2024-12-09,15:08:02
NRK,Jenny (20) var flau over idretten sin – nå er ho ein av Noregs beste,2024-12-09,15:08:02
NRK,De geniale detaljene som revolusjonerte verden,2024-12-09,15:08:02
NRK,914 menneske døydde: Vil gjera åstaden for Jonestown-massakren til turist­attraksjon,2024-12-09,15:08:02
NRK,Flertall på Stortinget for å gi oljepionerer erstatning,2024-12-09,15:08:02
NRK,Freds­prisvinner sendte melding til Putin,2024-12-09,15:08:02
NRK,Widerøe bekrefter: Gå sakte-aksjonen er over,2024-12-09,15:08:02
NRK,Blir hetsa fordi dei bygger vindmølle­parkar: – Har vore ubehageleg å gå på jobben,2024-12-09,15:08:02
NRK,«Held seg akkurat nok i taumane til å ikkje bli for pervers»,2024-12-09,15:08:02
NRK,Barnehageansatte reagerer på krav: Bruker opptil to timer på telefonen hver dag,2024-12-09,15:08:02
NRK,Satt åtte år i kirke­asyl – nå slettes gjelds­kravet,2024-12-09,15:08:02
NRK,Antall reservister øker igjen: Nils-Jørgen (34) melder seg hvis det blir krig,2024-12-09,15:08:02
NRK,I denne klassen står elevene på stolene i timen,2024-12-09,15:08:02
NRK,«Prate­klassen er kvalmende klasse­blinde og ignorante»,2024-12-09,15:08:02
NRK,Flirer av Instagram-innlegg: – Håpar ikkje det var personleg,2024-12-09,15:08:02
NRK,15 favorittar frå 2024: – Boka er ei bragd,2024-12-09,15:08:02
NRK,Får blikk av fremmede: – Ser at folk tenker: «er det ditt barn?»,2024-12-09,15:08:02
NRK,Tre sesongar med «Lykkeland»: Sjekk forvandlinga,2024-12-09,15:08:02
NRK,Familieterapeut: – Sjelden en god idé at skilte feirer jul sammen,2024-12-09,15:08:02
NRK,Moe ferdig i Molde: Hareide lanserer Solskjær som erstatter,2024-12-09,15:08:02
NRK,Mottok fredsprisen i fjor: Først nå fikk hun snakke med nobel­komiteen,2024-12-09,15:08:02
NRK,Mann funnet alvorlig skadet: Politiet tror han er utsatt for en kriminell handling,2024-12-09,15:08:02
NRK,Rekordstor pågang: – Eg skammar meg ikkje over å få hjelp,2024-12-09,15:08:02
NRK,"Kritiserer internasjonal musikktrend: «Heldigvis har Norge skjønt greia, i hvert fall litt»",2024-12-09,15:08:02
NRK,Smertefullt EM-gull for Ingebrigtsen: – Det er alvor,2024-12-09,15:08:02
NRK,"Broren drepte mamma, stefar og seg selv: – Han var den snilleste gutten du kunne finne",2024-12-09,15:08:02
NRK,Meiner hav­ørna har gått frå offer til skurk,2024-12-09,15:08:02
NRK,Kylling-seljaren har ein stor draum: Å spele med Haaland,2024-12-09,15:08:02
NRK,Nær én million i studie­­­­lån: Betaler dyrt – bor med rotter og mugg,2024-12-09,15:08:02
NRK,Hør hundrevis av podkaster og radio­programmer i NRK Radio,2024-12-09,15:08:02
VG,Slik var regimet,2024-12-09,15:08:05
VG,Kan stoppe Norge,2024-12-09,15:08:05
VG,Reagerer på absurd scoring,2024-12-09,15:08:05
VG,Disse tjente best,2024-12-09,15:08:05
VG,Til salgs - igjen,2024-12-09,15:08:05
VG,Hiroshima-overlevende: - Ingen kom,2024-12-09,15:08:05
VG,- Godt å vite at hun skal være der,2024-12-09,15:08:05
VG,- En stor glipp,2024-12-09,15:08:05
VG,Luigi (26) tatt på McDonalds,2024-12-09,15:08:05
VG,- Speilblankt,2024-12-09,15:08:05
VG,Sjokk- måling,2024-12-09,15:08:05
VG,- Latt meg holde på,2024-12-09,15:08:05
VG,- I praksis en livstidsdom,2024-12-09,15:08:05
VG,Frossen ribbe knuser fersk,2024-12-09,15:08:05
VG,Risikerer 50.000 i dagbøter,2024-12-09,15:08:05
VG,Konkurstruet - fortsetter driften,2024-12-09,15:08:05
VG,Det var en gang «alle» hadde den,2024-12-09,15:08:05
VG,Knallsterk avslutning på spillåret,2024-12-09,15:08:05
VG,Tapte arvestrid,2024-12-09,15:08:05
VG,Reagerer på Ødegaard- takling,2024-12-09,15:08:05
VG,Fast jobb som Odd-trener,2024-12-09,15:08:05
VG,Julekonsert evakuert,2024-12-09,15:08:05
VG,Stor fare venter,2024-12-09,15:08:05
VG,Mulig gjennom- brudd,2024-12-09,15:08:05
VG,Skrekkfengsel: Leter etter fanger,2024-12-09,15:08:05
VG,Avlyser julekonsert,2024-12-09,15:08:05
VG,Døde etter trefellingsulykke,2024-12-09,15:08:05
VG,Breiviks klage avvist,2024-12-09,15:08:05
VG,Sparket,2024-12-09,15:08:05
VG,Kina: - Gjør seg klare for Trump,2024-12-09,15:08:05
VG,Varsler klager mot flere medier,2024-12-09,15:08:05
VG,- Ikke så mye privatliv,2024-12-09,15:08:05
VG,- Situasjonen er veldig alvorlig,2024-12-09,15:08:05
VG,Politiet ringte Slottet,2024-12-09,15:08:05
VG,- Styr unna,2024-12-09,15:08:05
VG,Barnehager dropper refleks- vester etter dødsulykke,2024-12-09,15:08:05
VG,Malin skulle ut og lufte hundene,2024-12-09,15:08:05
VG,Dobbeltmoralen stinker,2024-12-09,15:08:05
VG,- Klappet sammen som et korthus,2024-12-09,15:08:05
VG,Sier nei til flere flyktninger,2024-12-09,15:08:05
VG,«Du er helt ny!»,2024-12-09,15:08:05
VG,- Grovt brudd,2024-12-09,15:08:05
VG,Jente (13) klamrer seg fast,2024-12-09,15:08:05
VG,Svensk legende: - Urovekkende,2024-12-09,15:08:05
VG,- Flink med folk,2024-12-09,15:08:05
VG,Golden Globe- nominert,2024-12-09,15:08:05
VG,Dropp disse bestselgerne,2024-12-09,15:08:05
VG,Møtte Trumps «favoritt- diktator»,2024-12-09,15:08:05
VG,Får helt ny modus,2024-12-09,15:08:05
VG,Skal avsløre kjønn - så skjer dette,2024-12-09,15:08:05
VG,- Verdens mest fantastiske liv,2024-12-09,15:08:05
VG,- Kan ikke sammenlignes med butikkjøpt,2024-12-09,15:08:05
VG,Mye av i Norge,2024-12-09,15:08:05
VG,Norge når klima- mål i 2035,2024-12-09,15:08:05
VG,Plyndret palasset,2024-12-09,15:08:05
VG,Putin tok avgjørelsen,2024-12-09,15:08:05
VG,Raser: - Avskyelig,2024-12-09,15:08:05
VG,- Blitt en myk mann,2024-12-09,15:08:05
VG,Emilia (14) bundet og drept,2024-12-09,15:08:05
VG,Møtte fornærmet kvinne på nachspiel,2024-12-09,15:08:05
VG,Verdens- rekord,2024-12-09,15:08:05
VG,"Fant kokain for 2,8 mrd.",2024-12-09,15:08:05
VG,Siktet for kokain- smugling,2024-12-09,15:08:05
VG,Nå kan du tæppe,2024-12-09,15:08:05
VG,- Kjempe- viktig,2024-12-09,15:08:05
VG,- Tror de har funnet på noe lurt,2024-12-09,15:08:05
VG,Blir LSK- trener,2024-12-09,15:08:05
VG,Vanvittig scoring,2024-12-09,15:08:05
VG,Slår jentene i engelsk,2024-12-09,15:08:05
VG,Oppdragelsen hylles,2024-12-09,15:08:05
VG,«Die Hard»- erstatter,2024-12-09,15:08:05
VG,Dørene åpnet i «slakterhuset»: - Et vilt syn,2024-12-09,15:08:05
VG,Full fyr,2024-12-09,15:08:05
VG,Pyntet huset til jul: Over 6000 besøkende,2024-12-09,15:08:05
VG,- Sannsynlig at han ikke er i politiets databaser,2024-12-09,15:08:05
VG,Trygler om respekt,2024-12-09,15:08:05
VG,Disse fondene får terningkast seks nå,2024-12-09,15:08:05
VG,- Hun gråt og ga meg barnet,2024-12-09,15:08:05
VG,- Betyr færre rentekutt,2024-12-09,15:08:05
VG,Hyler når dette skjer,2024-12-09,15:08:05
VG,«De gir oss det vi vil ha»,2024-12-09,15:08:05
VG,Utfordres på scenen,2024-12-09,15:08:05
VG,«Jeg er litt spesiell»,2024-12-09,15:08:05
VG,«Tenk om jeg en dag blir avslørt»,2024-12-09,15:08:05
VG,Ut mot rykter,2024-12-09,15:08:05
VG,- Det er ikke anbefalt,2024-12-09,15:08:05
VG,Etterforskes som terror,2024-12-09,15:08:05
VG,Jule- besøk,2024-12-09,15:08:05
VG,Angrer på dette,2024-12-09,15:08:05
VG,Massakre på eldre i Haiti - 110 drept,2024-12-09,15:08:05
VG,Gode produkter i 100 % ull,2024-12-09,15:08:05
VG,- Gikk ned på kne tre ganger,2024-12-09,15:08:05
VG,- Ufattelig trist,2024-12-09,15:08:05
VG,Perfekt potet til ribbe,2024-12-09,15:08:05
VG,- Luften ut av ballongen,2024-12-09,15:08:05
VG,- Jeg visste ingenting,2024-12-09,15:08:05
VG,- Han har problemer,2024-12-09,15:08:05
VG,Har flyttet sammen,2024-12-09,15:08:05
VG,Ungdom rekrutteres: «Sier ingenting»,2024-12-09,15:08:05
VG,Sannheten om kvinners sex,2024-12-09,15:08:05
VG,Døtrenes sorg,2024-12-09,15:08:05
VG,Frierbrevene strømmer inn,2024-12-09,15:08:05
VG,Årets beste bøker,2024-12-09,15:08:05
VG,Våre nyeste magasiner,2024-12-09,15:08:05
VG,- Han fikk ikke lov til å leve livet,2024-12-09,15:08:05
VG,Klarer du dagens ordstjerne?,2024-12-09,15:08:05
VG,Pasta med kantareller og parmesan,2024-12-09,15:08:05
VG,Ungdommer skal ha blitt kalt «drittunger»,2024-12-09,15:08:05
VG,- Det var gråting og sjokk,2024-12-09,15:08:05
VG,- Mannen min slapp bomben,2024-12-09,15:08:05
VG,Tjente én million på en måned,2024-12-09,15:08:05
VG,Levende i egen «begravelse»,2024-12-09,15:08:05
VG,Hylles med «begravelse»,2024-12-09,15:08:05
VG,«Du var ikke mammaen min»,2024-12-09,15:08:05
VG,Bryter ut i latter i kisten,2024-12-09,15:08:05
VG,«Du trodde at du var mammaen min»,2024-12-09,15:08:05
VG,- En av Norges største divaer,2024-12-09,15:08:05
VG,"- Uverdig, men ikke uventet",2024-12-09,15:08:05
VG,"- Det ble aldri deg og meg, Linn",2024-12-09,15:08:05
VG,Fem gode TV-serier,2024-12-09,15:08:05
VG,Klarer du ukens fire kryssord?,2024-12-09,15:08:05
VG,- Beste TV-en vi har sett,2024-12-09,15:08:05
VG,- Har vært mye sint,2024-12-09,15:08:05
VG,Begge fikk kreft,2024-12-09,15:08:05
VG,VG vil høre fra deg,2024-12-09,15:08:05
VG,Beste trede- møllen å ha hjemme,2024-12-09,15:08:05
VG,- Jeg som egentlig aldri ønsket meg barn,2024-12-09,15:08:05
VG,- Kan du vennligst forlate eiendommen min,2024-12-09,15:08:05
VG,Kan ha plagsom bivirkning,2024-12-09,15:08:05
VG,"- Det at vi har holdt sammen, er et under",2024-12-09,15:08:05
VG,Når er det greit å si fra?,2024-12-09,15:08:05
VG,- At en kvinne gjør sånt,2024-12-09,15:08:05
VG,«Ikke publiser dette før jeg blir drept»,2024-12-09,15:08:05
VG,«Du har lurt alle sammen»,2024-12-09,15:08:05
VG,Forskjellen på klementin og mandarin,2024-12-09,15:08:05
VG,Deler sitt styrke- program,2024-12-09,15:08:05
VG,- For et godt liv jeg har hatt!,2024-12-09,15:08:05
VG,- Lindring nesten med en gang,2024-12-09,15:08:05
VG,- Folk snakker fortsatt om ham,2024-12-09,15:08:05
VG,Oppklart etter 50 år,2024-12-09,15:08:05
VG,-⁠ Er dette frivillig?,2024-12-09,15:08:05
VG,Disse tar medaljene i ski-VM,2024-12-09,15:08:05
VG,- Det gjør meg forbannet,2024-12-09,15:08:05
VG,Avliver myter,2024-12-09,15:08:05
VG,Matvarene som bør droppes,2024-12-09,15:08:05
VG,Over halvparten av verdien er barbert bort,2024-12-09,15:08:05
VG,Våre beste cocktails,2024-12-09,15:08:05
VG,- Folk må forstå,2024-12-09,15:08:05
VG,Var så nedbrutt at hun ble innlagt,2024-12-09,15:08:05
VG,Ekstremt dyr fornøyelse,2024-12-09,15:08:05
VG,- I Norge lever vi litt i en boble,2024-12-09,15:08:05
VG,- Her blir jeg livet ut,2024-12-09,15:08:05
VG,Testvinneren veier bare 47 gram,2024-12-09,15:08:05
VG,- Mange sier de får et nytt barn,2024-12-09,15:08:05
VG,- Situasjonen er kritisk,2024-12-09,15:08:05
VG,- Vi har ikke mer sjalusi enn andre,2024-12-09,15:08:05
VG,Strøken luksusbil,2024-12-09,15:08:05
VG,- Morsomste jeg har sett på TV,2024-12-09,15:08:05
VG,- Vanskelig å oppdage,2024-12-09,15:08:05
VG,Stor kanariøy- guide,2024-12-09,15:08:05
VG,Beste billige hodelykt,2024-12-09,15:08:05
VG,Les dagens Pondus,2024-12-09,15:08:05
VG,Les dagens Lunch,2024-12-09,15:08:05
VG,Les dagens Hjalmar,2024-12-09,15:08:05
Aftenposten,Etter mange år i Assads fengsel husket ikke fangene navnet sitt,2024-12-09,15:08:06
Aftenposten,Sjelden har det vært vanskeligere å vite hva som er rett svar,2024-12-09,15:08:06
Aftenposten,Norges dyreste leilighet til salgs,2024-12-09,15:08:06
Aftenposten,"Hele livet har hun følt seg «til bry». – Jeg klarte ikke lenger å være en god mamma, venninne, ansatt eller kone.",2024-12-09,15:08:06
Aftenposten,Putins prestisjeprosjekt kollapser. – Krigen mot Ukraina har kostet Putin Syria.,2024-12-09,15:08:06
Aftenposten,Hver kveld sovner Buddy Carter til krafsingen av mus i veggene. Han mener flere bør sove på kontoret.,2024-12-09,15:08:06
Aftenposten,De kaller det «fisking» og «napp». I realiteten er det brutall vold. Maskerte ungutter skaker opp Norge.,2024-12-09,15:08:06
Aftenposten,"Ny krisemåling for presset Støre: Nede på 14,2 prosent",2024-12-09,15:08:06
Aftenposten,Dagens viktigste nyheter,2024-12-09,15:08:06
Aftenposten,Karismatiske Sunniva Gylver gjorde nesten rent bord,2024-12-09,15:08:06
Aftenposten,Gjennom jobb har hun vært i flere hundre norske hjem. Se hvordan Birgitte Lund Nakken har det hjemme hos seg.,2024-12-09,15:08:06
Aftenposten,Sexscener som dette har jeg ikke lest før,2024-12-09,15:08:06
Aftenposten,"– Du kan ikke bare skille en familie og si at det ikke er din feil, når det er din feil!",2024-12-09,15:08:06
Aftenposten,Hvor lang pause skal man ha når man trener styrke? Forskningen er klar.,2024-12-09,15:08:06
Aftenposten,Den single kvinnen i 30-årene har oppdaget noe som hindrer menn i å lykkes på sjekkemarkedet,2024-12-09,15:08:06
Aftenposten,Banket kusinen for å få henne til å innrømme utroskap – ville redde mannens ære. Nå er tre fettere dømt.,2024-12-09,15:08:06
Aftenposten,Assad-regimets fall,2024-12-09,15:08:06
Aftenposten,Assad er ute. Det gir Russland og Iran enorme utfordringer.,2024-12-09,15:08:06
Aftenposten,Folket har levd i fattigdom. I Assads garasje fant opprørerne luksus og overflod.,2024-12-09,15:08:06
Aftenposten,Diktaturet ble styrtet etter 53 år. Forvirret? Se hit!,2024-12-09,15:08:06
Aftenposten,Syreren feirer friheten og gleder seg til å kunne reise. Men eksperter er urolige.,2024-12-09,15:08:06
Aftenposten,Har du fått med deg disse videoene?,2024-12-09,15:08:06
Aftenposten,"250.000 nordmenn har stoffskiftesykdom. Da Bård Larsen mistet faren sin, prøvde han å finne ut hva som hadde skjedd.",2024-12-09,15:08:06
Aftenposten,"Hva ville dere gjort, Senterpartiet, dersom Arbeiderpartiet skiftet ut Støre?",2024-12-09,15:08:06
Aftenposten,Oksygenopptaket skjøt i været etter treningsendring. Du kan også lære av metoden.,2024-12-09,15:08:06
Aftenposten,Regjeringspartiene endret «exit-skatten» én time før fristen,2024-12-09,15:08:06
Aftenposten,"Lykkeland-skuespilleren er god for 16 milliarder kroner. Men det som plager ham er mugg, kreft og bakterier.",2024-12-09,15:08:06
Aftenposten,Trenerne slo ut med armene og keeperen ble irritert. EM-kontroversen vekker oppsikt.,2024-12-09,15:08:06
Aftenposten,Marius Borg Høibys forsvarer bekrefter: Han er på rehabilitering,2024-12-09,15:08:06
Aftenposten,Glem alt du trodde du visste om portvin. Ingvild Tennfjord dekker bordet på nytt.,2024-12-09,15:08:06
Aftenposten,Abortloven er ingen seier for kvinners frihet,2024-12-09,15:08:06
Aftenposten,Jenter og kvinner med ADHD kan få «dobbelt opp» med symptomer,2024-12-09,15:08:06
Aftenposten,Hva vet vi om barna som utøver vold? Psykologen advarer om flere fallgruver.,2024-12-09,15:08:06
Aftenposten,LO krever at NHO skriver under avtale: – Alternativet er et iskaldt forhold,2024-12-09,15:08:06
Aftenposten,Leger og sykepleiere betaler julebord selv. Andre statsansatte får middag og alkohol for 3000 kroner på luksushotell.,2024-12-09,15:08:06
Aftenposten,Nora Haukland om forholdet til Høiby: Alt ble enda verre etter at det ble slutt,2024-12-09,15:08:06
Aftenposten,De dømte må forbedre seg. Ingen sier tydeligere fra enn en tørst julestjerne.,2024-12-09,15:08:06
Aftenposten,Den oppblåste uretten mot kvinner,2024-12-09,15:08:06
Aftenposten,26-åring mistenkt etter toppleder-drap,2024-12-09,15:08:06
Aftenposten,"Dette avgjør om voksne barn hjelper sine eldre foreldre, viser forskning",2024-12-09,15:08:06
Aftenposten,Svensk legende: – Johaugs overlegenhet er urovekkende,2024-12-09,15:08:06
Aftenposten,Her er årets beste nye restauranter i Oslo,2024-12-09,15:08:06
Aftenposten,"Den som venter på at boligproblemene i Oslo skal «løses», venter forgjeves",2024-12-09,15:08:06
Aftenposten,Selvopptatte pulsklokkebrukere provoserte småbarnsfaren. Så fikk han en alkoholvekker.,2024-12-09,15:08:06
Aftenposten,Fordelsprogram,2024-12-09,15:08:06
Aftenposten,Breivik mener tilbudet i fengselet ikke holder. – Hvor lenge kan man tøye grensene?,2024-12-09,15:08:06
Aftenposten,Reistad styrte Norge til semifinalen,2024-12-09,15:08:06
Aftenposten,Sniker vinterdepresjonen seg på? Dette er ekspertenes fem råd,2024-12-09,15:08:06
Aftenposten,Haaland stemt inn på årets lag i verden,2024-12-09,15:08:06
Aftenposten,Hvorfor skal Oslo kommune prakke på oss gjenbrukbare kaffekopper?,2024-12-09,15:08:06
Aftenposten,Må man prate med frisøren? Noen salonger tilbyr kundene å betale ekstra for å slippe.,2024-12-09,15:08:06
Aftenposten,Hun var plageånden som snakket på seg rødt kort. Nå deler hun dem ut.,2024-12-09,15:08:06
Aftenposten,Støre etter sentralstyremøte: Partilederens rolle ikke tema,2024-12-09,15:08:06
Aftenposten,Premier League-dommeren refset Klopp i privat video – nå er han sparket,2024-12-09,15:08:06
Aftenposten,Støre: – Opplever ikke uro rundt meg,2024-12-09,15:08:06
Aftenposten,Vi blir opprørt over hesters skjebne. Hva med landbrukets produksjonsdyr?,2024-12-09,15:08:06
Aftenposten,Jay-Z anklages for voldtekt av 13-åring med «Diddy» – nekter,2024-12-09,15:08:06
Aftenposten,Vil reversere omstridt helsereform om de vinner valget – vil gjeninnføre fritt behandlingsvalg,2024-12-09,15:08:06
Aftenposten,"Han var en nerdete øyelege i London. Da storebroren døde, tok livet en brå vending.",2024-12-09,15:08:06
Aftenposten,Briljerer i spionthriller på Netflix,2024-12-09,15:08:06
Aftenposten,Barnelitteraturens mørke vending. – Tyder på en endring i barnets rolle.,2024-12-09,15:08:06
Aftenposten,Analysene av USA-valget blir mangelfulle når religion tas ut av ligningen,2024-12-09,15:08:06
Aftenposten,Hun får det til å gå kaldt nedover ryggen,2024-12-09,15:08:06
Aftenposten,"Vesten gjør et MAGA-plask, mens Kina fosser frem.",2024-12-09,15:08:06
Aftenposten,Den tidligere Al-Qaida- islamisten stilte opp på CNN og veltet Assad-regimet. Hvem er han?,2024-12-09,15:08:06
Aftenposten,Nå blir det vanskeligere for skeive i fotballen,2024-12-09,15:08:06
Aftenposten,Senterpartiet jubler over svekket vern: – Større rom til å stramme inn ulvepolitikken,2024-12-09,15:08:06
Aftenposten,En av de største bragdene i menneskehetens historie ble muliggjort av investeringer fra land som Norge,2024-12-09,15:08:06
Aftenposten,"Svensken, dansken og nordmannen skulle bake tradisjonell julebakst. Slik gikk det.",2024-12-09,15:08:06
Aftenposten,Kan du trene bort bakrusen? Eksperten forklarer.,2024-12-09,15:08:06
Aftenposten,Norges alenegang er ikke en styrke,2024-12-09,15:08:06
Aftenposten,Brede forlik er noe av det beste med det norske demokratiet. Men de kan også bli en tvangstrøye.,2024-12-09,15:08:06
Aftenposten,Hun danket ut Hadia Tajik. Og hun har en krystallklar mening om hva Støre bør gjøre nå.,2024-12-09,15:08:06
Aftenposten,Hva skjer i Syria nå?,2024-12-09,15:08:06
Aftenposten,"På kjærestetur la de grunnlaget. Nå er de skilt, men gjør det gigantiske kunstprosjektet sammen.",2024-12-09,15:08:06
Aftenposten,Ikke alt ordner seg for snille gutter. På soverommet trengs mer.,2024-12-09,15:08:06
Aftenposten,Det rareste med denne nye restauranten? De selger T-skjorter til 750 kroner.,2024-12-09,15:08:06
Aftenposten,En dypt fascinerende true crime,2024-12-09,15:08:06
Aftenposten,Jenter voldtas og holdes fanget i Nigerias «babyfabrikker»,2024-12-09,15:08:06
Aftenposten,Rekordmange nordmenn er single. Kanskje skyldes det beslutningsvegring og bindingsangst.,2024-12-09,15:08:06
Aftenposten,Hvorfor reagerte så få på at jøder bare ble borte? Jeg har ikke fattet det. Før nå.,2024-12-09,15:08:06
Aftenposten,"Rådville kjendiser i gule bokser. Nå vil 25 land ha den nye, norske serien.",2024-12-09,15:08:06
Aftenposten,"Er oppført i Marka, men skal det få stå? Oslos byrådsleder ber Regjeringen gripe inn.",2024-12-09,15:08:06
Aftenposten,22-åringen sa «hawk tuah». Nå tror folk hun blir nødt til å «talk tuah» advokat,2024-12-09,15:08:06
Aftenposten,"Mens barna var hjemme, dro Ingrid til Antarktis og oppdaget nytt land",2024-12-09,15:08:06
Aftenposten,Forbundskansler Scholz driver med en skremselsvalgkamp. Dette er hans siste sjanse.,2024-12-09,15:08:06
Aftenposten,Pest herjer på Naturhistorisk museum – gamle steinprøver er blitt til støv,2024-12-09,15:08:06
Aftenposten,Spill,2024-12-09,15:08:06
Se og Hør,Bekrefter behandling: - Litt spontant,2024-12-09,15:08:10
Se og Hør,- Det er ingen hemmelighet,2024-12-09,15:08:10
Se og Hør,Full forvirring etter julebilde,2024-12-09,15:08:10
Se og Hør,Vaksinenyhet: Kan slippe unna med ett besøk,2024-12-09,15:08:10
Se og Hør,Her spøker Marius med voldsanklagene,2024-12-09,15:08:10
Se og Hør,Nå er det avslørt!,2024-12-09,15:08:10
Se og Hør,Hinter de her?,2024-12-09,15:08:10
Se og Hør,Reagerer: - 17 år,2024-12-09,15:08:10
Se og Hør,- En konsekvens,2024-12-09,15:08:10
Se og Hør,Brøt besøksforbud,2024-12-09,15:08:10
Se og Hør,Mistet jobben over natten,2024-12-09,15:08:10
Se og Hør,Ser du hvem dette er?,2024-12-09,15:08:10
Se og Hør,«Voldtok kvinne etter familie-middag»,2024-12-09,15:08:10
Se og Hør,Se luksusen - rom for rom,2024-12-09,15:08:10
Se og Hør,- Jeg er veldig lei meg,2024-12-09,15:08:10
Se og Hør,- Var ikke planlagt,2024-12-09,15:08:10
Se og Hør,Slik blir prinsessens begravelse,2024-12-09,15:08:10
Se og Hør,Forlovet!,2024-12-09,15:08:10
Se og Hør,Tilgitt av Gud – og kona,2024-12-09,15:08:10
Se og Hør,En av verdens rikeste kvinner: Mistet alt,2024-12-09,15:08:10
Se og Hør,Settes ut av spørsmål,2024-12-09,15:08:10
Se og Hør,I sorg,2024-12-09,15:08:10
Se og Hør,Gjenforent etter 30 år,2024-12-09,15:08:10
Se og Hør,Kommer hjem nå,2024-12-09,15:08:10
Se og Hør,I tårer etter vekt-spørsmål,2024-12-09,15:08:10
Se og Hør,Se sjokk-videoen fra Skaugum,2024-12-09,15:08:10
Se og Hør,Fikk 20 000 i måneden fra foreldrene,2024-12-09,15:08:10
Se og Hør,Disse trenger tre vaksiner før jul,2024-12-09,15:08:10
Se og Hør,Fikk diagnose etter innspillingen,2024-12-09,15:08:10
Se og Hør,Meghan tatt med buksene nede,2024-12-09,15:08:10
Se og Hør,Avslører dødsårsaken,2024-12-09,15:08:10
Se og Hør,Abid Raja: En myte at jeg må være festens midtpunkt,2024-12-09,15:08:10
Se og Hør,Punget ut for hyttedrøm,2024-12-09,15:08:10
Se og Hør,- Nå kan du angre,2024-12-09,15:08:10
Se og Hør,Ble slutt like etter fødsel,2024-12-09,15:08:10
Se og Hør,Avslører: - Hatt våre utfordringer,2024-12-09,15:08:10
Se og Hør,Avslører gladnyhet,2024-12-09,15:08:10
Se og Hør,Slik ser han ikke ut lenger,2024-12-09,15:08:10
Se og Hør,Der gikk milliard-potten,2024-12-09,15:08:10
Se og Hør,«Babyjubel» vekker oppsikt,2024-12-09,15:08:10
Se og Hør,Theo (7) døde i mammas armer,2024-12-09,15:08:10
Se og Hør,Kjemi kjenner ingen alder,2024-12-09,15:08:10
Se og Hør,- Avslører seg,2024-12-09,15:08:10
Se og Hør,Bekrefter gladnyhet,2024-12-09,15:08:10
Se og Hør,Vet ikke at de blir filmet,2024-12-09,15:08:10
Se og Hør,Derfor går hun alltid med oppsatt hår,2024-12-09,15:08:10
Se og Hør,Har aldri skjedd før,2024-12-09,15:08:10
Se og Hør,Slår tilbake: - Fullstendig feil,2024-12-09,15:08:10
Se og Hør,Cathrine (55) har hatt ALS i ni år,2024-12-09,15:08:10
Se og Hør,- Har det veldig koselig,2024-12-09,15:08:10
Se og Hør,Skuespiller (17) sjokkerer: - Jeg er hjemløs,2024-12-09,15:08:10
Se og Hør,Høiby-banner fjernet,2024-12-09,15:08:10
Se og Hør,Droppes etter sju sesonger,2024-12-09,15:08:10
Se og Hør,Feirer med kjæresten,2024-12-09,15:08:10
Se og Hør,Jul med svigermor: - Helt vill,2024-12-09,15:08:10
Se og Hør,Deler nye bilder,2024-12-09,15:08:10
Se og Hør,Ta et sidesprang på Gran Canaria,2024-12-09,15:08:10
Se og Hør,Formuen forduftet,2024-12-09,15:08:10
Se og Hør,Om ryktene: - Du tuller med meg?,2024-12-09,15:08:10
Se og Hør,Nå viser hun frem babyen,2024-12-09,15:08:10
Se og Hør,- Durek er helt ute av bildet,2024-12-09,15:08:10
Se og Hør,Gjør det igjen: - Ekkelt,2024-12-09,15:08:10
Se og Hør,Eksparets varme hyllest,2024-12-09,15:08:10
Se og Hør,- Alle vil bli overrasket,2024-12-09,15:08:10
Se og Hør,Deler supermetode: Ned 20 kilo,2024-12-09,15:08:10
Se og Hør,- Jeg er på dateren,2024-12-09,15:08:10
Se og Hør,48 års aldersforskjell: - Bryr oss ikke,2024-12-09,15:08:10
Se og Hør,Er heldigvis ikke sjalu,2024-12-09,15:08:10
Se og Hør,Sveriges ukjente prinsesse,2024-12-09,15:08:10
Se og Hør,- De vil tilbringe tid sammen,2024-12-09,15:08:10
Se og Hør,Får kjeft for skoene,2024-12-09,15:08:10
Se og Hør,Deler nytt bilde,2024-12-09,15:08:10
Se og Hør,Uttaler seg om bruddet: - Dritkjipt,2024-12-09,15:08:10
Se og Hør,Ikke invitert,2024-12-09,15:08:10
Se og Hør,Glad for å få ham dømt,2024-12-09,15:08:10
Se og Hør,Bekrefter hun kjæreste her?,2024-12-09,15:08:10
Se og Hør,Sjokket fem år etter: Aris testamente,2024-12-09,15:08:10
Se og Hør,Tilbake med barna - ett år etter,2024-12-09,15:08:10
Se og Hør,Deler gladnyhet,2024-12-09,15:08:10
Se og Hør,Fikk hjelp: - Har et problem,2024-12-09,15:08:10
Se og Hør,- «Ex» som vi kjenner det!,2024-12-09,15:08:10
Se og Hør,Avslører - var i ulykke,2024-12-09,15:08:10
Se og Hør,- Visste at jeg kom til å dø,2024-12-09,15:08:10
Se og Hør,Store forskjeller mellom kjendisparene,2024-12-09,15:08:10
Se og Hør,Får veldig ofte toppkarakter,2024-12-09,15:08:10
Se og Hør,Bekrefter kjæreste,2024-12-09,15:08:10
Se og Hør,Silvia mystisk syk,2024-12-09,15:08:10
Se og Hør,"Flyttet fra gjelden på 7,8 millioner",2024-12-09,15:08:10
Se og Hør,Her er Marius i Italia,2024-12-09,15:08:10
Se og Hør,- Tungt å være meg,2024-12-09,15:08:10
Se og Hør,Stakk til USA etter bråket,2024-12-09,15:08:10
Se og Hør,Dukker opp sammen,2024-12-09,15:08:10
Se og Hør,Åtte grep: 24 ekstra leveår,2024-12-09,15:08:10
Se og Hør,- Må være krevende,2024-12-09,15:08:10
Se og Hør,Svarer på ryktene,2024-12-09,15:08:10
Se og Hør,Gjenforent etter 37 år,2024-12-09,15:08:10
Se og Hør,Maud til Se og Hør: - Gleder meg,2024-12-09,15:08:10
Se og Hør,Endelig lykke etter tøffe år,2024-12-09,15:08:10
Se og Hør,- Vi klinte heftig,2024-12-09,15:08:10
Se og Hør,Deler sjeldent bilde,2024-12-09,15:08:10
Se og Hør,Magefettformelen: Kvitt kulemagen,2024-12-09,15:08:10
Se og Hør,Bor sammen etter bruddet,2024-12-09,15:08:10
Se og Hør,- Godt han fikk slippe nå,2024-12-09,15:08:10
Se og Hør,Skadet av brystprotese under innspilling,2024-12-09,15:08:10
Se og Hør,- Vi er veldig forelska,2024-12-09,15:08:10
Se og Hør,Brudd etter dette,2024-12-09,15:08:10
Se og Hør,- Et sterkt øyeblikk,2024-12-09,15:08:10
Se og Hør,- Jeg er sjokkert,2024-12-09,15:08:10
Se og Hør,Humoren avslører psykopaten,2024-12-09,15:08:10
Se og Hør,Haakon får ros,2024-12-09,15:08:10
Se og Hør,Brukte pengepremie på brudekjole,2024-12-09,15:08:10
Se og Hør,Nye detaljer avslørt i Dianas brev,2024-12-09,15:08:10
Se og Hør,Plutselig skjer dette,2024-12-09,15:08:10
Se og Hør,Solstrålen fra Sola,2024-12-09,15:08:10
Se og Hør,Se hvem som er tilbake,2024-12-09,15:08:10
Se og Hør,- Jeg har mistet synet,2024-12-09,15:08:10
Se og Hør,Ufrivillig singel? Sex-garanti,2024-12-09,15:08:10
Se og Hør,- Har gitt meg alt,2024-12-09,15:08:10
Se og Hør,Hermer etter eksens kone - igjen,2024-12-09,15:08:10
Se og Hør,Feirer ikke med Tommy,2024-12-09,15:08:10
Se og Hør,Her fester de,2024-12-09,15:08:10
Se og Hør,Slår på stortromma!,2024-12-09,15:08:10
Se og Hør,Døde 42 år gammel,2024-12-09,15:08:10
Se og Hør,Gravid: - Ikke planlagt,2024-12-09,15:08:10
